id,Location,Morning_Orders,Noon_Orders,Evening_Orders,Night_Orders,Order_Issues,Available_Drivers,Percentage_Serviced
1,560005,100,37,78,57,0.15,44,1.086363636
2,560009,80,93,33,89,0.07,72,0.749444444
3,560005,15,84,16,52,0.01,94,0.345319149
4,560008,64,42,63,61,0.15,39,1.029487179
5,560007,90,28,40,59,0.04,45,0.924444444
6,560006,36,43,58,89,0.02,60,0.733333333
7,560009,14,29,39,47,0.02,59,0.417288136
8,560008,19,12,66,12,0.06,39,0.498974359
9,560000,75,64,90,94,0.11,41,1.465609756
10,560004,22,54,70,76,0.14,85,0.382352941
11,560010,64,66,99,71,0.03,71,0.815070423
12,560009,75,90,46,68,0.08,25,2.152
13,560003,100,76,36,87,0.1,28,2.035714286
14,560010,35,16,76,30,0.01,73,0.420136986
15,560000,20,10,42,83,0.07,47,0.589574468
16,560006,39,57,36,84,0.03,75,0.546
17,560005,78,96,26,86,0.02,20,2.84
18,560004,73,27,50,81,0.02,98,0.451428571
19,560002,94,44,91,68,0.11,30,1.87
20,560010,35,12,39,52,0.1,89,0.21011236
21,560006,88,52,27,27,0.05,26,1.442307692
22,560009,67,77,15,40,0.07,83,0.409518072
23,560003,31,85,76,41,0.13,21,2.089047619
24,560001,11,28,34,28,0.07,50,0.334
25,560006,90,25,100,99,0.05,25,2.462
26,560007,89,38,28,82,0.14,84,0.424285714
27,560001,42,95,83,11,0.11,92,0.392173913
28,560009,58,16,80,25,0.02,64,0.539375
29,560004,85,28,55,45,0.08,90,0.393333333
30,560001,94,59,98,27,0.08,93,0.517849462
31,560004,44,45,82,84,0.12,92,0.434347826
32,560000,27,95,70,15,0.13,65,0.506923077
33,560001,20,85,50,70,0.13,100,0.32
34,560000,46,38,52,69,0.06,33,1.182424242
35,560009,79,77,85,45,0.01,68,0.831176471
36,560010,69,57,86,36,0.06,48,0.973333333
37,560004,30,70,59,46,0.11,61,0.562131148
38,560010,21,98,22,47,0.05,84,0.397619048
39,560001,30,58,34,59,0.12,82,0.321463415
40,560001,44,78,27,35,0.05,69,0.483333333
41,560006,89,11,92,96,0.05,34,1.644117647
42,560000,99,32,54,41,0.06,93,0.426021505
43,560004,72,92,44,55,0.1,76,0.592105263
44,560006,32,42,72,24,0.09,39,0.781794872
45,560007,80,51,74,93,0.09,98,0.518163265
46,560007,52,77,60,33,0.1,28,1.485714286
47,560001,18,75,90,52,0.05,31,1.466129032
48,560002,46,94,38,96,0.01,23,2.372608696
49,560005,45,83,26,76,0.06,98,0.409387755
50,560000,67,69,99,16,0.1,39,1.187179487
51,560002,92,70,16,40,0.04,59,0.698983051
52,560001,53,41,64,63,0.06,24,1.781666667
53,560003,19,71,22,45,0.11,73,0.320136986
54,560006,45,64,86,33,0.12,75,0.488
55,560009,83,52,15,19,0.08,22,1.456363636
56,560005,75,97,57,67,0,39,1.517948718
57,560009,79,36,36,90,0.02,44,1.075454545
58,560004,83,93,19,78,0.06,35,1.5
59,560003,23,86,17,89,0.06,65,0.601538462
60,560001,79,34,96,35,0.02,54,0.883703704
61,560004,96,38,51,72,0.03,36,1.397777778
62,560001,13,45,90,62,0.07,43,0.906744186
63,560006,54,51,47,68,0.03,21,2.065238095
64,560006,78,93,69,33,0.12,24,2.155
65,560000,76,82,47,49,0.05,35,1.401428571
66,560010,48,61,52,44,0,49,0.836734694
67,560006,99,49,31,98,0.03,49,1.100612245
68,560006,49,21,29,45,0.03,35,0.792857143
69,560007,81,83,64,77,0.11,92,0.553043478
70,560009,59,73,87,37,0.15,89,0.425280899
71,560007,91,29,41,97,0,76,0.678947368
72,560008,15,88,70,47,0.02,95,0.443157895
73,560008,99,20,75,62,0.13,85,0.472352941
74,560002,74,22,99,57,0.06,91,0.493846154
75,560002,60,10,14,26,0,84,0.261904762
76,560002,33,62,60,91,0.14,73,0.533972603
77,560004,62,65,66,89,0.01,49,1.141020408
78,560005,84,37,89,58,0.13,39,1.244358974
79,560009,25,75,52,51,0.02,43,0.924186047
80,560002,69,19,20,70,0.01,86,0.403953488
81,560007,94,80,95,18,0,57,1.007017544
82,560000,23,70,73,54,0.1,75,0.486666667
83,560009,21,25,97,51,0.02,86,0.431162791
84,560006,47,43,88,46,0.09,39,1.058717949
85,560010,99,64,55,99,0.04,82,0.733170732
86,560000,19,99,57,31,0.02,37,1.093513514
87,560003,50,21,45,46,0.09,81,0.31
88,560005,83,75,42,29,0.01,63,0.716984127
89,560005,78,100,78,67,0.07,64,0.939375
90,560006,88,54,97,97,0.03,33,2.006363636
91,560001,32,90,38,67,0.02,96,0.452916667
92,560006,58,12,65,43,0.01,52,0.674615385
93,560005,97,12,93,83,0.02,77,0.72025974
94,560008,28,64,87,19,0.01,76,0.511052632
95,560009,73,87,53,41,0.04,39,1.262564103
96,560001,74,56,88,28,0.03,83,0.562771084
97,560005,42,15,97,42,0.08,45,0.791111111
98,560002,69,83,94,52,0.13,58,0.897586207
99,560010,50,86,71,86,0.04,59,0.953220339
100,560003,69,48,86,51,0.07,73,0.625890411
101,560002,49,16,60,27,0.06,78,0.32974359
102,560007,42,56,56,87,0.02,68,0.688823529
103,560002,62,60,15,14,0.12,34,0.768235294
104,560004,89,82,36,59,0.1,87,0.511494253
105,560009,32,68,52,77,0.04,76,0.562631579
106,560005,90,39,71,71,0.11,72,0.642777778
107,560008,48,88,55,43,0.08,28,1.591428571
108,560004,60,61,10,52,0.12,54,0.557777778
109,560003,26,33,89,10,0.01,99,0.309191919
110,560006,100,12,39,19,0.09,31,1.006774194
111,560007,76,36,94,73,0.1,59,0.845762712
112,560000,21,48,87,72,0.06,100,0.396
113,560002,77,93,94,91,0.02,78,0.89025641
114,560008,96,50,17,81,0.07,93,0.454731183
115,560004,81,56,100,97,0.01,63,1.05031746
116,560008,43,30,49,25,0.02,73,0.382739726
117,560003,36,29,13,63,0.14,72,0.251666667
118,560003,35,39,33,25,0.03,43,0.583953488
119,560008,64,57,77,81,0.06,66,0.785454545
120,560004,25,76,36,24,0.02,56,0.555
121,560006,69,57,71,17,0.03,69,0.590289855
122,560001,88,70,37,19,0.1,48,0.791666667
123,560003,94,43,62,25,0.04,72,0.582222222
124,560005,43,76,86,13,0.01,26,1.666923077
125,560004,13,39,50,74,0.05,51,0.640196078
126,560005,66,25,85,56,0.1,39,1.08974359
127,560000,10,31,25,41,0.01,40,0.525
128,560005,99,19,61,63,0.1,98,0.393877551
129,560002,15,46,39,91,0.11,43,0.778372093
130,560000,55,98,57,50,0.01,95,0.537368421
131,560000,19,25,45,93,0,96,0.379166667
132,560009,85,42,78,18,0.05,70,0.587142857
133,560003,36,94,54,70,0.13,61,0.702786885
134,560005,80,75,31,13,0.04,76,0.483684211
135,560003,89,40,27,54,0.04,69,0.568695652
136,560004,90,50,64,100,0.08,42,1.367619048
137,560004,51,96,84,82,0.02,59,1.041016949
138,560009,57,58,94,54,0.03,63,0.804920635
139,560005,26,91,42,44,0.07,72,0.493888889
140,560002,71,43,55,88,0.1,48,0.970833333
141,560007,71,58,24,91,0.02,53,0.900754717
142,560008,59,96,84,16,0.07,55,0.857272727
143,560003,39,100,20,18,0.14,81,0.297037037
144,560003,56,32,64,89,0.14,53,0.769433962
145,560000,95,14,28,55,0.12,44,0.752727273
146,560002,60,49,67,58,0,58,0.806896552
147,560006,15,38,71,94,0.06,87,0.441149425
148,560000,32,74,40,77,0.12,46,0.849565217
149,560008,52,67,64,38,0.12,72,0.493888889
150,560010,60,28,65,95,0.09,77,0.554155844
151,560008,31,35,59,82,0.02,61,0.658688525
152,560002,33,53,52,10,0.07,73,0.335479452
153,560003,40,43,25,51,0.13,98,0.194489796
154,560007,23,59,86,79,0.04,62,0.756774194
155,560009,16,14,12,19,0.09,90,0.045555556
156,560000,74,99,19,44,0.07,36,1.241111111
157,560000,70,71,63,24,0.12,83,0.42939759
158,560004,74,35,53,40,0.05,89,0.403932584
159,560003,46,11,13,15,0.01,26,0.643846154
160,560005,100,99,72,99,0.08,76,0.893684211
161,560003,31,61,87,17,0.09,92,0.336086957
162,560010,20,59,69,17,0.11,92,0.248695652
163,560002,18,61,67,37,0,60,0.61
164,560003,44,51,53,31,0.01,66,0.532424242
165,560004,62,28,32,53,0.05,89,0.343258427
166,560002,67,38,84,15,0.13,48,0.72
167,560003,57,23,65,95,0.06,40,1.14
168,560002,16,80,35,86,0.09,47,0.833404255
169,560001,31,36,91,91,0.01,22,2.253636364
170,560008,53,34,71,84,0.03,29,1.638965517
171,560006,98,33,51,51,0.12,73,0.518356164
172,560006,85,63,45,30,0.11,75,0.484666667
173,560005,90,14,63,63,0.1,77,0.497402597
174,560000,100,55,12,96,0.07,24,2.121666667
175,560009,98,64,52,38,0.06,87,0.519310345
176,560006,20,71,74,55,0.08,22,1.92
177,560005,37,45,26,67,0.09,55,0.546363636
178,560004,33,83,29,59,0.07,40,0.95
179,560009,68,86,35,68,0.12,42,1.103809524
180,560009,96,36,26,32,0,94,0.404255319
181,560006,38,51,76,62,0.02,58,0.762758621
182,560006,90,76,25,87,0.11,27,1.949259259
183,560002,33,93,37,48,0.05,75,0.512666667
184,560004,41,39,75,20,0.06,38,0.861052632
185,560004,16,34,75,45,0.09,72,0.382222222
186,560008,61,76,67,27,0.1,75,0.516
187,560001,16,33,95,57,0.13,56,0.587857143
188,560000,71,98,54,10,0.09,50,0.842
189,560009,16,80,48,28,0.1,61,0.463934426
190,560005,63,50,99,20,0.1,64,0.625
191,560008,75,67,100,100,0.04,72,0.91
192,560006,38,16,92,77,0,55,0.810909091
193,560004,48,49,59,40,0.09,31,1.174516129
194,560004,23,57,65,26,0.02,32,1.04875
195,560002,85,32,94,58,0.13,80,0.5425
196,560006,24,85,23,46,0.07,62,0.504193548
197,560010,84,65,78,49,0.06,90,0.553333333
198,560002,72,65,19,80,0.08,51,0.845490196
199,560005,78,21,71,44,0.05,46,0.880434783
200,560007,35,22,75,45,0.07,33,1.002727273
201,560001,44,58,47,34,0.07,98,0.303469388
202,560006,100,39,28,49,0.08,26,1.581538462
203,560005,34,68,98,62,0.08,98,0.454693878
204,560000,85,43,49,100,0.11,43,1.178372093
205,560001,57,13,100,83,0.14,94,0.398297872
206,560005,38,94,40,17,0.11,96,0.28375
207,560003,56,87,24,69,0.03,85,0.525294118
208,560008,77,71,46,74,0.15,32,1.525
209,560002,98,44,43,98,0.1,33,1.615151515
210,560010,83,98,99,72,0.15,76,0.776315789
211,560000,12,39,41,26,0.11,91,0.149340659
212,560004,32,92,13,75,0.12,31,1.247741935
213,560007,69,39,73,83,0.12,78,0.556923077
214,560001,89,90,30,84,0.07,69,0.779275362
215,560002,91,91,72,39,0.07,37,1.513783784
216,560002,96,26,82,73,0.09,22,2.428181818
217,560002,93,45,69,14,0.09,29,1.434137931
218,560008,74,73,54,93,0.09,48,1.135
219,560010,10,68,30,68,0.05,61,0.52704918
220,560006,85,86,23,99,0.06,24,2.381666667
221,560001,21,75,85,70,0.03,59,0.820847458
222,560007,61,99,39,77,0.1,53,0.941509434
223,560010,70,39,46,59,0.09,35,1.132857143
224,560001,51,26,100,61,0.12,31,1.415483871
225,560006,82,18,23,33,0.06,54,0.517777778
226,560009,19,64,92,75,0.06,22,2.212727273
227,560007,79,13,76,84,0.14,42,1.06
228,560006,31,83,73,15,0.11,97,0.306494845
229,560000,30,88,24,97,0.12,97,0.372783505
230,560006,94,79,39,77,0.04,45,1.244444444
231,560003,56,33,53,80,0.09,78,0.479230769
232,560007,51,66,42,100,0.08,100,0.438
233,560007,20,43,38,66,0.15,34,0.832352941
234,560004,75,76,42,48,0.1,66,0.63030303
235,560000,86,55,30,37,0.14,21,1.840952381
236,560005,69,67,94,54,0.08,33,1.641212121
237,560000,99,48,100,37,0.03,83,0.654337349
238,560010,49,12,82,96,0.11,44,0.976363636
239,560010,32,52,91,45,0.07,74,0.524594595
240,560004,12,68,78,30,0.15,70,0.387142857
241,560004,99,35,14,36,0.02,63,0.564126984
242,560008,85,30,72,90,0.13,100,0.424
243,560009,12,38,88,50,0.11,40,0.83
244,560001,91,54,44,28,0.12,96,0.332083333
245,560009,76,12,90,97,0.1,86,0.539534884
246,560004,95,24,79,55,0.14,96,0.387083333
247,560009,64,22,55,49,0.12,77,0.373506494
248,560006,55,79,54,22,0.13,59,0.581864407
249,560009,30,15,48,68,0.01,71,0.443521127
250,560010,29,60,93,42,0.14,82,0.406341463
251,560001,29,98,87,36,0.07,30,1.596666667
252,560009,93,91,96,72,0.04,47,1.45787234
253,560009,85,74,17,65,0.1,22,2.090909091
254,560010,16,74,51,35,0.12,72,0.368888889
255,560009,96,69,26,30,0.12,53,0.713962264
256,560006,96,30,42,73,0.14,20,2.27
257,560006,58,77,25,16,0.03,82,0.399268293
258,560000,45,30,84,79,0.08,71,0.590422535
259,560006,12,63,67,10,0.08,42,0.643809524
260,560002,91,15,55,94,0.13,69,0.609130435
261,560000,76,50,66,68,0.01,30,1.723333333
262,560000,100,48,42,76,0.05,76,0.65
263,560009,67,43,73,99,0.01,84,0.661428571
264,560003,84,56,84,94,0.1,36,1.666666667
265,560004,65,70,56,37,0.12,65,0.581538462
266,560001,65,56,49,99,0.01,41,1.302195122
267,560006,81,17,88,12,0.01,44,0.89
268,560003,88,83,58,92,0.11,68,0.834117647
269,560008,39,39,89,32,0,56,0.710714286
270,560004,34,56,74,26,0.08,98,0.307755102
271,560002,83,63,91,68,0,66,0.924242424
272,560006,99,69,16,91,0.1,39,1.31025641
273,560010,97,63,83,26,0.11,26,1.959230769
274,560009,27,13,43,73,0.01,68,0.448823529
275,560010,68,90,69,56,0.13,69,0.690289855
276,560003,15,23,36,16,0.02,49,0.347346939
277,560002,91,45,40,83,0.06,79,0.595696203
278,560003,78,99,31,27,0.1,41,1.046341463
279,560001,75,91,88,73,0.03,92,0.680869565
280,560001,14,51,20,82,0.08,48,0.615833333
281,560006,54,24,84,82,0.09,90,0.452222222
282,560008,65,57,68,71,0.14,33,1.441818182
283,560010,81,45,42,44,0.13,100,0.294
284,560010,90,48,15,41,0.07,92,0.35173913
285,560002,32,94,59,58,0.01,95,0.501578947
286,560002,83,75,95,64,0.12,25,2.416
287,560005,26,26,42,60,0.08,75,0.330666667
288,560010,62,70,46,77,0.02,57,0.874736842
289,560009,33,72,28,11,0.05,88,0.277272727
290,560001,71,27,97,86,0.08,54,0.960740741
291,560010,98,82,19,16,0.07,68,0.562352941
292,560002,99,35,24,24,0.09,52,0.61
293,560003,49,18,46,32,0.04,38,0.723157895
294,560007,50,92,72,90,0.02,74,0.801621622
295,560006,34,86,89,13,0.14,74,0.46
296,560001,59,58,44,41,0.15,57,0.55877193
297,560010,16,81,100,91,0.05,85,0.627647059
298,560006,79,44,61,93,0.14,28,1.838571429
299,560004,64,21,74,23,0.03,71,0.482676056
300,560001,17,51,91,18,0.03,96,0.33875
301,560006,14,83,39,45,0.07,29,1.178275862
302,560009,21,65,71,30,0.15,60,0.473333333
303,560003,95,52,71,59,0.05,44,1.209090909
304,560009,33,57,88,29,0.14,37,0.978918919
305,560003,58,65,70,89,0.07,96,0.5175
306,560005,29,17,43,48,0.02,37,0.720540541
307,560003,98,53,16,37,0.08,72,0.486666667
308,560003,95,29,24,36,0.05,42,0.826190476
309,560009,54,26,32,12,0.13,39,0.505897436
310,560009,13,86,21,98,0.05,56,0.728571429
311,560002,92,29,97,31,0.13,33,1.379090909
312,560006,15,17,41,57,0.06,44,0.530909091
313,560001,22,26,19,38,0.06,88,0.178636364
314,560005,54,46,30,80,0.01,49,0.847142857
315,560008,79,96,84,55,0.11,90,0.587777778
316,560000,79,71,87,43,0.1,50,1.02
317,560007,42,52,64,29,0.02,48,0.759166667
318,560005,86,52,16,80,0.12,30,1.44
319,560001,44,46,67,22,0.09,97,0.279072165
320,560002,71,27,21,38,0,93,0.337634409
321,560007,65,41,46,46,0.06,62,0.578709677
322,560008,19,11,34,25,0.06,54,0.26962963
323,560008,79,75,93,95,0.08,75,0.832
324,560006,56,17,25,72,0.07,20,1.63
325,560001,19,55,70,57,0.03,29,1.356206897
326,560006,55,85,16,71,0,53,0.856603774
327,560010,12,47,76,85,0.13,56,0.655714286
328,560007,45,20,45,18,0.11,47,0.434680851
329,560007,96,21,47,39,0.08,55,0.658181818
330,560006,74,47,71,21,0.06,58,0.674482759
331,560000,82,28,99,75,0.08,73,0.698082192
332,560010,39,71,47,74,0.11,42,0.99
333,560007,42,58,24,93,0.09,33,1.225151515
334,560006,79,93,77,99,0.13,36,1.803333333
335,560008,84,79,13,17,0.07,60,0.573333333
336,560000,87,22,92,61,0.09,92,0.479565217
337,560005,74,36,67,98,0.06,86,0.579534884
338,560001,95,39,46,53,0.05,39,1.144871795
339,560009,15,35,93,11,0.05,67,0.409701493
340,560001,29,52,45,48,0.1,61,0.470491803
341,560005,92,71,45,66,0.14,28,1.817142857
342,560001,86,76,30,76,0.06,35,1.471428571
343,560002,70,29,21,41,0.07,45,0.645555556
344,560007,57,83,16,91,0.05,31,1.543548387
345,560004,63,89,89,10,0.12,41,1.104390244
346,560001,82,53,64,69,0.01,74,0.714324324
347,560004,41,94,65,61,0.04,63,0.788571429
348,560005,73,26,61,54,0.09,57,0.660877193
349,560001,43,62,85,40,0.02,74,0.601621622
350,560009,66,28,74,71,0.06,79,0.545063291
351,560006,97,18,72,78,0.07,35,1.444285714
352,560007,87,99,85,28,0.06,79,0.696962025
353,560001,63,10,26,45,0.07,49,0.517755102
354,560005,74,82,27,58,0.08,67,0.639402985
355,560000,64,90,88,89,0.08,47,1.328510638
356,560004,27,49,14,21,0.12,49,0.333061224
357,560004,20,63,65,35,0.1,63,0.480952381
358,560007,21,23,64,77,0.02,32,1.13625
359,560005,91,32,33,73,0.08,57,0.723508772
360,560002,31,87,74,47,0.14,85,0.422352941
361,560005,100,63,72,97,0.15,65,0.871538462
362,560005,86,69,23,90,0.1,49,0.993877551
363,560008,77,99,95,74,0.15,30,2.15
364,560007,45,33,54,34,0.03,55,0.573636364
365,560008,27,79,94,34,0.13,68,0.558235294
366,560007,45,79,12,48,0.02,74,0.477297297
367,560009,30,23,71,38,0.15,45,0.57
368,560006,26,65,83,41,0.12,31,1.267096774
369,560006,11,80,42,79,0.1,61,0.595081967
370,560004,38,23,41,67,0.02,98,0.324897959
371,560000,14,21,61,92,0.03,92,0.378695652
372,560002,82,82,57,35,0.06,54,0.888148148
373,560010,74,72,70,79,0.09,71,0.740985915
374,560006,82,20,95,66,0.03,90,0.554444444
375,560009,40,89,51,20,0.1,40,0.9
376,560010,79,89,63,88,0.13,35,1.692857143
377,560004,82,82,91,74,0.15,95,0.542631579
378,560007,64,31,24,94,0.13,57,0.617368421
379,560000,45,91,22,82,0.1,69,0.595652174
380,560005,71,79,46,54,0.07,86,0.511395349
381,560006,21,25,76,80,0.01,42,0.951904762
382,560008,56,58,94,85,0.06,72,0.753888889
383,560001,43,48,46,36,0.15,84,0.261904762
384,560000,97,42,81,19,0.06,29,1.588275862
385,560000,80,91,74,24,0.14,34,1.442352941
386,560007,48,81,99,74,0.14,30,1.873333333
387,560000,71,96,90,77,0.14,20,3.2
388,560000,50,58,63,13,0.07,32,1.08
389,560001,96,22,98,58,0.01,75,0.720666667
390,560007,78,94,55,26,0.06,68,0.684117647
391,560005,83,30,14,12,0.08,54,0.434814815
392,560005,73,91,15,10,0.14,95,0.257894737
393,560008,69,13,52,67,0.01,61,0.649016393
394,560000,75,31,49,57,0.04,40,1.02
395,560003,67,66,57,13,0.12,54,0.631851852
396,560008,28,98,98,72,0.06,74,0.74
397,560003,32,93,98,71,0.09,85,0.601764706
398,560008,59,60,64,50,0.02,60,0.756666667
399,560006,56,30,64,74,0.04,33,1.317575758
400,560004,89,28,27,80,0.03,75,0.567333333
401,560004,92,79,52,14,0.03,60,0.76
402,560002,85,52,11,59,0.04,24,1.685
403,560001,70,25,30,75,0.07,94,0.355531915
404,560005,98,23,37,28,0.11,38,0.868947368
405,560010,24,14,54,79,0.13,94,0.233829787
406,560008,84,66,67,67,0.03,22,2.551818182
407,560004,78,84,100,90,0.14,22,3.06
408,560010,78,55,24,86,0.11,21,2.204285714
409,560007,27,11,59,14,0.01,82,0.260731707
410,560001,68,88,23,27,0.12,87,0.353563218
411,560000,58,50,19,81,0.12,69,0.482898551
412,560002,26,39,33,38,0.09,45,0.514444444
413,560006,83,38,68,93,0.07,41,1.305609756
414,560004,64,22,86,42,0.09,91,0.38032967
415,560008,58,90,90,35,0.09,86,0.544883721
416,560003,99,84,43,65,0.09,28,1.988571429
417,560008,79,52,66,11,0.08,70,0.514285714
418,560010,87,77,50,68,0.1,92,0.513043478
419,560003,25,60,61,82,0.03,70,0.621428571
420,560005,91,76,43,92,0.07,74,0.746216216
421,560008,44,80,60,17,0.12,58,0.573103448
422,560008,37,12,33,82,0.13,42,0.650952381
423,560001,54,84,31,48,0.03,78,0.526410256
424,560007,89,99,69,36,0.02,89,0.638426966
425,560006,67,16,100,96,0.15,54,0.883333333
426,560008,44,28,36,83,0.13,22,1.606363636
427,560000,81,85,14,48,0.1,38,1.1
428,560006,34,73,83,40,0.12,98,0.349387755
429,560003,62,95,67,98,0.11,28,2.19
430,560001,74,29,72,90,0.15,27,1.812962963
431,560010,47,22,36,98,0.08,39,0.961025641
432,560009,87,26,76,40,0.06,65,0.644615385
433,560006,15,78,31,89,0.13,97,0.309175258
434,560005,48,50,81,66,0.09,78,0.538205128
435,560006,63,98,100,38,0.15,25,2.242
436,560003,51,94,16,58,0.02,52,0.822307692
437,560006,73,19,47,27,0.09,21,1.490952381
438,560005,26,99,14,26,0.08,22,1.42
439,560006,16,50,96,80,0.14,52,0.790769231
440,560001,32,51,57,52,0.08,93,0.332903226
441,560005,60,84,62,75,0.11,69,0.704492754
442,560005,95,14,77,39,0.14,42,0.931428571
443,560000,63,20,71,21,0.02,83,0.401686747
444,560007,32,52,59,16,0.03,93,0.311935484
445,560002,93,46,19,44,0.07,34,1.118235294
446,560002,60,52,69,35,0.08,50,0.784
447,560008,74,26,71,23,0.11,77,0.393896104
448,560005,59,19,84,77,0.02,78,0.592820513
449,560005,45,49,92,38,0.11,61,0.62442623
450,560004,82,76,61,41,0.09,84,0.529047619
451,560008,93,30,92,96,0.13,39,1.464871795
452,560007,94,75,23,79,0.14,96,0.424583333
453,560000,54,93,43,41,0.13,52,0.758461538
454,560008,83,72,22,79,0.13,20,2.43
455,560008,75,10,83,22,0.02,57,0.646666667
456,560002,22,20,44,29,0.05,28,0.771428571
457,560005,69,35,50,92,0.06,65,0.696923077
458,560006,30,19,81,43,0.03,76,0.425263158
459,560006,70,18,20,15,0.07,95,0.188947368
460,560004,85,44,33,79,0.09,58,0.741034483
461,560006,16,56,57,57,0.1,84,0.342857143
462,560001,71,75,13,74,0.01,67,0.685522388
463,560001,19,65,74,94,0.11,82,0.504634146
464,560001,53,38,65,27,0.13,43,0.721162791
465,560000,72,65,47,39,0.07,69,0.576376812
466,560000,22,41,90,91,0.15,42,1.011904762
467,560008,62,65,12,49,0.02,97,0.367628866
468,560006,22,78,12,35,0.14,24,1.085
469,560002,94,14,78,92,0.06,78,0.652820513
470,560000,39,37,66,76,0.08,83,0.445301205
471,560003,87,46,34,24,0.02,85,0.429411765
472,560007,27,65,96,74,0.1,37,1.316216216
473,560001,20,88,15,78,0.08,33,1.138181818
474,560009,31,99,76,55,0.15,78,0.519230769
475,560000,31,17,10,31,0.13,28,0.505714286
476,560007,96,78,50,83,0.12,73,0.72109589
477,560000,79,39,80,70,0.1,36,1.388888889
478,560002,30,91,38,24,0.13,64,0.441875
479,560004,74,79,70,77,0.09,31,1.845483871
480,560005,21,48,95,18,0.01,36,1.001111111
481,560007,36,75,59,27,0.04,71,0.514929577
482,560003,15,97,40,21,0.1,78,0.343589744
483,560006,82,95,98,39,0.12,67,0.817313433
484,560005,46,18,49,80,0.07,73,0.458767123
485,560000,76,38,54,93,0,45,1.16
486,560007,59,32,79,60,0.05,23,1.95
487,560004,86,63,91,84,0.14,29,2.094482759
488,560001,32,68,100,54,0.07,81,0.557160494
489,560008,37,72,89,48,0.11,69,0.603043478
490,560005,66,21,50,49,0.1,24,1.45
491,560000,53,88,56,36,0.13,81,0.445308642
492,560008,43,26,55,61,0.1,77,0.380519481
493,560005,70,82,26,77,0.11,85,0.49
494,560007,100,21,67,90,0.03,99,0.531616162
495,560010,15,75,66,100,0.01,100,0.502
496,560010,27,94,91,64,0.11,23,2.29
497,560005,80,79,12,96,0.11,69,0.663913043
498,560002,68,48,50,42,0.02,84,0.475238095
499,560009,35,81,59,48,0.1,96,0.364583333
500,560008,81,62,38,90,0.05,32,1.64375
501,560003,49,15,81,70,0.06,60,0.656666667
502,560002,98,61,42,36,0.11,71,0.557605634
503,560004,73,10,90,34,0.07,67,0.547910448
504,560000,18,28,67,56,0.14,63,0.396507937
505,560000,79,44,10,47,0.06,97,0.311134021
506,560000,41,97,32,51,0.14,80,0.4125
507,560010,27,18,59,32,0.07,100,0.202
508,560008,34,38,72,65,0.12,53,0.668679245
509,560000,28,53,38,52,0.08,30,1.06
510,560006,29,75,46,17,0.09,27,1.147037037
511,560008,47,80,29,38,0.04,27,1.397037037
512,560003,44,72,86,42,0.09,85,0.484117647
513,560009,85,98,94,28,0.1,59,0.933898305
514,560010,21,44,71,43,0.04,39,0.877948718
515,560006,22,30,32,12,0.07,34,0.494705882
516,560009,56,86,44,51,0.13,85,0.427647059
517,560004,47,94,100,14,0.15,24,1.975
518,560006,51,23,39,91,0.05,86,0.424418605
519,560000,45,67,82,56,0.06,68,0.675294118
520,560003,79,26,86,41,0.15,24,1.783333333
521,560003,36,97,36,67,0.02,79,0.577468354
522,560006,20,22,96,22,0.02,100,0.3
523,560000,96,50,64,58,0.12,86,0.503255814
524,560003,72,91,18,100,0.03,80,0.6725
525,560003,88,30,61,23,0.12,66,0.492121212
526,560002,74,11,98,80,0.13,37,1.291621622
527,560001,37,26,100,16,0.15,69,0.36884058
528,560010,22,98,41,50,0.09,81,0.430987654
529,560006,31,74,98,62,0.12,90,0.468888889
530,560007,60,44,90,61,0.11,56,0.800714286
531,560002,70,56,96,52,0.07,77,0.641688312
532,560004,67,85,46,64,0.12,58,0.783448276
533,560008,90,73,15,35,0.07,52,0.749230769
534,560010,72,59,77,70,0.08,70,0.714285714
535,560009,41,51,17,64,0.05,63,0.499206349
536,560008,12,19,59,58,0.03,28,1.027142857
537,560003,92,44,65,36,0.06,56,0.786428571
538,560003,48,40,48,68,0,59,0.691525424
539,560006,26,88,41,86,0.08,77,0.545974026
540,560008,12,57,43,45,0.12,21,1.375238095
541,560000,20,85,90,100,0.11,97,0.498247423
542,560003,86,49,87,80,0.02,81,0.725679012
543,560001,38,59,76,90,0.14,55,0.816363636
544,560006,41,41,29,84,0.07,48,0.7425
545,560010,10,70,56,87,0.12,76,0.466842105
546,560003,26,72,74,67,0.03,93,0.483978495
547,560000,11,72,66,37,0.14,97,0.243505155
548,560005,70,92,90,62,0.14,49,1.141632653
549,560008,56,30,40,42,0.03,65,0.486923077
550,560007,97,97,99,15,0.08,55,1.04
551,560004,88,43,20,73,0.08,41,1.012682927
552,560007,87,84,48,78,0.09,99,0.51
553,560008,47,53,34,98,0.05,55,0.793636364
554,560010,92,45,43,92,0.05,55,0.939090909
555,560006,81,20,75,19,0.03,47,0.799787234
556,560001,69,86,93,75,0.01,26,2.474615385
557,560002,59,11,40,60,0,64,0.53125
558,560005,82,73,28,92,0.14,62,0.747096774
559,560009,11,27,57,45,0.06,55,0.449090909
560,560008,40,87,15,84,0.08,39,1.078974359
561,560004,31,60,71,91,0.03,48,1.024166667
562,560001,41,89,52,63,0.08,52,0.862307692
563,560008,39,14,86,26,0.07,88,0.305
564,560008,73,93,62,84,0.08,88,0.629090909
565,560001,77,61,46,72,0.05,27,1.846296296
566,560010,42,42,46,65,0.12,57,0.564210526
567,560006,19,69,15,43,0.06,54,0.480740741
568,560009,89,75,23,64,0.04,75,0.629333333
569,560006,48,29,92,39,0.01,67,0.610895522
570,560009,62,57,74,92,0.05,38,1.45
571,560008,43,67,19,32,0.14,22,1.323636364
572,560002,37,70,76,96,0.02,64,0.851875
573,560001,88,15,34,73,0.08,26,1.535384615
574,560008,14,98,14,41,0.11,26,1.174615385
575,560003,71,54,20,17,0.13,96,0.2075
576,560008,85,41,65,14,0.15,47,0.722340426
577,560008,27,93,10,37,0.14,24,1.251666667
578,560008,43,42,82,16,0.12,69,0.410434783
579,560004,53,54,54,70,0.09,60,0.68
580,560010,53,14,69,63,0.1,96,0.314583333
581,560006,96,74,52,37,0.1,45,1.051111111
582,560005,52,98,98,35,0.11,76,0.634736842
583,560007,67,93,34,21,0,39,1.102564103
584,560007,87,23,64,70,0.01,24,2.023333333
585,560008,67,84,25,69,0.04,31,1.540645161
586,560006,43,51,67,25,0.14,50,0.604
587,560003,47,23,79,13,0.05,87,0.322413793
588,560007,94,70,66,45,0.1,76,0.623684211
589,560005,81,99,96,70,0.13,23,2.878695652
590,560008,85,83,82,16,0.03,69,0.741014493
591,560007,39,68,53,62,0.15,20,2.07
592,560005,32,17,74,94,0.03,52,0.804615385
593,560001,61,74,96,98,0,26,2.530769231
594,560005,24,41,34,53,0.1,29,0.948275862
595,560000,60,46,82,66,0,70,0.725714286
596,560003,10,51,25,96,0.06,76,0.418947368
597,560009,87,23,49,56,0.1,28,1.435714286
598,560009,53,100,59,11,0.03,93,0.449569892
599,560005,81,23,38,77,0.03,71,0.586901408
600,560004,55,84,31,44,0.04,21,1.998095238
601,560004,72,97,22,71,0.12,53,0.868679245
602,560008,46,24,59,37,0.03,98,0.30877551
603,560000,80,66,89,46,0.12,33,1.583030303
604,560008,45,17,14,50,0.12,66,0.261818182
605,560007,25,99,12,72,0.14,84,0.355238095
606,560002,53,10,63,43,0.09,94,0.269574468
607,560001,32,16,67,78,0.03,81,0.44654321
608,560004,27,62,71,22,0.01,26,1.39
609,560009,96,59,44,44,0.12,71,0.564507042
610,560007,29,26,71,26,0.02,89,0.321573034
611,560007,62,92,87,78,0.01,65,0.971538462
612,560003,17,53,70,92,0.15,23,1.867391304
613,560006,76,49,94,53,0.11,27,1.904814815
614,560001,40,21,60,30,0.06,65,0.404615385
615,560007,86,89,63,63,0.11,52,1.047692308
616,560010,12,99,43,38,0.01,61,0.619508197
617,560000,66,54,10,59,0.06,43,0.819069767
618,560004,15,38,50,54,0.06,97,0.26371134
619,560003,99,94,100,88,0.01,96,0.78375
620,560008,93,79,27,73,0.09,94,0.488723404
621,560006,51,10,24,93,0.02,43,0.807906977
622,560000,53,47,43,61,0.13,86,0.344418605
623,560010,61,71,77,40,0.12,43,1.038139535
624,560003,27,13,47,31,0.03,97,0.213298969
625,560001,95,33,79,69,0.09,65,0.759230769
626,560000,46,49,23,64,0.1,42,0.766666667
627,560009,21,19,11,82,0.03,92,0.259130435
628,560003,51,58,100,88,0.04,87,0.642758621
629,560000,32,16,36,68,0.09,21,1.357619048
630,560001,22,11,79,58,0.04,21,1.579047619
631,560004,47,49,95,81,0.04,33,1.608484848
632,560004,71,47,72,72,0.08,60,0.793333333
633,560004,56,99,50,40,0,33,1.484848485
634,560001,13,95,37,75,0.02,43,1.003255814
635,560006,36,26,48,22,0.08,43,0.533953488
636,560009,56,32,27,44,0.08,83,0.30313253
637,560002,71,52,34,67,0.07,38,1.108947368
638,560008,93,17,61,64,0.13,21,2.108095238
639,560000,19,52,45,47,0.02,87,0.354712644
640,560006,58,42,71,79,0.14,29,1.584137931
641,560010,93,28,70,94,0.14,86,0.522790698
642,560008,24,89,36,63,0.01,75,0.555333333
643,560002,51,89,18,45,0.01,70,0.57
644,560000,56,22,31,46,0.12,55,0.443636364
645,560008,81,28,37,40,0.08,100,0.292
646,560006,50,21,73,83,0.01,84,0.53047619
647,560002,52,96,42,59,0.11,29,1.607241379
648,560003,75,11,90,65,0.09,51,0.855098039
649,560003,14,86,42,61,0.08,83,0.409156627
650,560008,52,10,76,95,0.13,54,0.732962963
651,560002,21,43,57,43,0.06,53,0.558867925
652,560007,65,88,95,87,0.01,73,0.907808219
653,560006,16,25,96,28,0.01,66,0.49
654,560004,66,49,63,21,0.08,23,1.650434783
655,560005,69,34,81,53,0.07,81,0.515185185
656,560005,98,46,28,52,0.1,20,2.14
657,560001,12,16,38,78,0.01,60,0.47
658,560007,46,22,81,60,0.11,44,0.84
659,560000,63,20,52,73,0.12,96,0.313333333
660,560002,78,59,66,19,0.09,47,0.854680851
661,560010,61,14,62,48,0.11,93,0.287849462
662,560000,39,98,75,50,0.07,56,0.865714286
663,560003,59,43,49,38,0.13,88,0.299545455
664,560000,97,14,88,32,0.09,76,0.517894737
665,560009,48,61,34,24,0.15,86,0.238372093
666,560000,70,20,59,21,0.11,80,0.315
667,560010,83,61,64,40,0.15,52,0.803846154
668,560000,57,17,50,26,0.08,71,0.342535211
669,560010,31,56,49,83,0.02,73,0.58
670,560003,14,47,54,52,0.07,100,0.264
671,560003,30,74,66,21,0.13,36,0.931111111
672,560010,66,42,60,88,0.13,65,0.657692308
673,560010,24,34,69,78,0.02,42,0.956190476
674,560005,81,100,34,84,0.04,65,0.88
675,560006,69,58,74,28,0.07,60,0.693333333
676,560010,47,62,34,69,0,96,0.441666667
677,560007,98,15,86,14,0.09,65,0.565384615
678,560003,25,72,14,10,0.14,43,0.422790698
679,560010,40,39,50,64,0.05,43,0.847674419
680,560007,86,46,15,53,0.11,30,1.223333333
681,560009,80,96,68,64,0.11,93,0.552365591
682,560002,21,15,98,38,0.02,81,0.404691358
683,560008,65,48,36,23,0.03,83,0.384457831
684,560006,13,17,92,77,0.1,70,0.468571429
685,560003,76,73,15,60,0.1,43,0.941860465
686,560006,46,95,44,97,0.05,93,0.556451613
687,560006,76,47,33,77,0.14,33,1.272121212
688,560010,58,38,39,18,0.12,92,0.212608696
689,560004,82,22,87,88,0.01,97,0.565257732
690,560007,71,32,28,21,0.05,24,1.216666667
691,560002,72,95,17,55,0.12,46,0.919130435
692,560009,86,29,65,61,0.07,81,0.525061728
693,560008,54,39,73,41,0.04,82,0.464878049
694,560000,86,69,98,10,0,67,0.785074627
695,560001,31,51,18,78,0.14,46,0.633913043
696,560006,67,39,43,85,0.05,76,0.565789474
697,560004,64,35,51,27,0.06,43,0.763255814
698,560002,27,71,47,96,0.14,30,1.466666667
699,560006,56,21,36,15,0.08,39,0.576410256
700,560002,46,16,80,53,0.02,45,0.846666667
701,560008,83,29,95,59,0.13,83,0.510963855
702,560001,20,46,82,73,0.03,67,0.629701493
703,560000,93,43,19,77,0.02,98,0.453469388
704,560009,12,100,98,32,0.11,80,0.495
705,560003,95,48,32,58,0.1,22,2.018181818
706,560007,30,30,50,29,0.06,20,1.33
707,560007,18,100,21,44,0.05,85,0.380588235
708,560004,40,19,12,75,0.04,65,0.409230769
709,560004,74,52,36,88,0.11,97,0.405463918
710,560008,75,73,97,92,0.13,95,0.579473684
711,560006,38,56,34,37,0.06,21,1.511428571
712,560002,78,57,27,95,0.02,57,0.881754386
713,560004,15,12,50,82,0.1,85,0.274117647
714,560001,73,36,30,89,0.13,93,0.360322581
715,560000,20,45,84,12,0,97,0.331958763
716,560006,96,87,17,58,0.05,93,0.50483871
717,560004,14,51,48,90,0.04,96,0.382916667
718,560009,68,56,100,47,0.01,41,1.31195122
719,560005,95,86,85,41,0.07,94,0.583191489
720,560004,42,47,83,58,0.11,32,1.3275
721,560003,20,10,56,61,0.03,77,0.351818182
722,560002,91,69,66,89,0.03,33,1.879090909
723,560002,73,66,27,24,0.03,92,0.383043478
724,560003,25,73,59,62,0.13,97,0.321546392
725,560007,92,61,95,51,0.11,96,0.512916667
726,560010,67,64,40,71,0.07,86,0.492790698
727,560009,19,71,83,34,0.04,81,0.471111111
728,560009,87,26,97,88,0.06,43,1.326046512
729,560004,90,78,97,24,0.1,36,1.505555556
730,560008,26,63,57,39,0,28,1.321428571
731,560009,76,70,34,16,0.09,46,0.762173913
732,560010,89,97,98,10,0.05,29,1.977586207
733,560002,52,77,100,31,0.08,36,1.364444444
734,560000,70,33,19,11,0.12,74,0.239459459
735,560007,35,41,28,30,0.09,88,0.214545455
736,560010,45,74,89,15,0.07,77,0.509220779
737,560010,20,77,15,12,0.03,51,0.45627451
738,560010,55,74,99,80,0.13,75,0.691333333
739,560004,25,13,53,62,0.12,36,0.73
740,560010,42,50,16,13,0.12,55,0.32
741,560002,94,29,53,46,0.04,74,0.56
742,560004,59,31,88,63,0.09,43,1.030930233
743,560004,25,68,72,83,0.13,86,0.446744186
744,560009,71,20,26,76,0.07,22,1.684545455
745,560002,41,15,99,82,0.14,21,2.117142857
746,560003,87,55,67,32,0.14,83,0.440722892
747,560007,16,85,54,40,0.1,88,0.343181818
748,560008,28,22,69,61,0.13,24,1.37
749,560008,91,96,17,10,0.04,76,0.523157895
750,560004,82,66,18,88,0.14,77,0.51974026
751,560005,33,59,40,86,0.15,29,1.353448276
752,560008,30,30,62,16,0.13,56,0.362857143
753,560007,72,81,50,69,0.12,75,0.605333333
754,560003,87,83,37,35,0.09,61,0.703442623
755,560010,26,79,26,64,0.11,55,0.599090909
756,560006,100,77,15,14,0.04,64,0.60375
757,560004,93,43,53,48,0.05,31,1.479032258
758,560001,75,69,89,28,0.05,90,0.53
759,560009,20,70,42,23,0.02,79,0.372405063
760,560000,57,86,63,36,0.05,94,0.464893617
761,560007,51,70,97,10,0.11,59,0.662881356
762,560006,76,17,74,97,0.05,31,1.653225806
763,560006,79,89,26,13,0.01,47,0.870851064
764,560003,23,61,62,51,0,48,0.820833333
765,560003,64,39,12,27,0.03,86,0.300232558
766,560006,36,63,61,24,0.04,74,0.457297297
767,560001,46,87,23,10,0.06,46,0.66173913
768,560006,76,74,80,56,0.14,90,0.495555556
769,560008,69,43,27,51,0.11,91,0.307582418
770,560003,74,82,41,25,0.12,26,1.587692308
771,560001,100,76,43,59,0.12,73,0.641643836
772,560000,16,97,59,33,0.11,63,0.540793651
773,560001,83,56,45,97,0,77,0.72987013
774,560001,65,77,30,35,0.07,56,0.669285714
775,560008,69,31,64,10,0.06,92,0.31826087
776,560010,85,53,59,35,0.05,77,0.552597403
777,560006,69,13,63,14,0.12,26,1.103076923
778,560010,53,29,88,54,0.13,70,0.51
779,560007,13,59,18,79,0.14,99,0.201414141
780,560005,51,29,100,24,0.09,28,1.367142857
781,560005,22,17,54,54,0.07,49,0.53
782,560005,40,45,71,31,0.06,74,0.445405405
783,560006,89,68,28,58,0.09,23,2.023043478
784,560008,61,57,96,11,0.01,99,0.444545455
785,560010,42,63,34,79,0.05,71,0.564084507
786,560006,83,13,61,47,0.01,83,0.481566265
787,560005,66,80,63,95,0.13,64,0.82
788,560009,43,58,47,89,0.01,21,2.247142857
789,560008,39,41,63,92,0.04,22,2.096363636
790,560005,16,42,36,37,0.09,97,0.180103093
791,560005,83,55,53,83,0.08,97,0.484948454
792,560002,26,77,25,77,0.05,31,1.272580645
793,560000,92,58,32,49,0.14,89,0.379101124
794,560002,75,65,42,93,0.15,71,0.624647887
795,560008,81,78,84,25,0.14,81,0.521728395
796,560007,23,98,62,92,0.06,50,1.04
797,560005,48,37,46,97,0.06,95,0.42
798,560003,58,98,33,10,0.02,76,0.503684211
799,560007,64,94,71,13,0.06,48,0.948333333
800,560008,54,19,22,73,0.03,84,0.37
801,560004,96,17,83,30,0.01,35,1.281428571
802,560009,33,27,100,92,0.02,31,1.605806452
803,560004,23,61,93,77,0.12,54,0.820740741
804,560007,99,12,10,71,0.03,37,1.007837838
805,560000,51,100,10,30,0.14,62,0.476129032
806,560009,80,56,77,64,0.11,91,0.498791209
807,560003,18,55,51,54,0.11,65,0.437692308
808,560001,84,20,60,98,0.14,95,0.411578947
809,560002,48,68,76,99,0.12,43,1.233488372
810,560006,68,97,35,36,0.03,40,1.15
811,560006,14,83,26,84,0.12,53,0.661132075
812,560010,73,81,67,55,0.1,70,0.688571429
813,560009,30,86,58,37,0.09,74,0.48027027
814,560006,46,35,43,86,0.05,40,1
815,560002,79,20,68,52,0.13,26,1.554615385
816,560004,32,47,44,43,0.08,22,1.429090909
817,560004,37,59,88,18,0.1,42,0.861904762
818,560002,100,66,41,28,0.15,57,0.674561404
819,560002,55,61,56,39,0.03,40,1.025
820,560001,38,20,35,56,0.09,60,0.406666667
821,560004,49,38,22,41,0.03,91,0.29967033
822,560006,71,17,89,26,0.04,50,0.772
823,560001,25,81,73,81,0.04,70,0.702857143
824,560008,89,85,89,31,0.03,37,1.559189189
825,560000,75,83,77,44,0.08,85,0.576470588
826,560004,63,75,38,82,0.01,60,0.85
827,560006,11,18,24,35,0.14,57,0.16877193
828,560005,55,48,18,15,0.06,66,0.352121212
829,560003,88,12,22,47,0.1,52,0.55
830,560001,79,55,34,31,0.01,37,1.065675676
831,560000,74,87,21,52,0.11,53,0.773018868
832,560000,10,74,78,74,0.11,53,0.780566038
833,560009,36,16,77,15,0.14,97,0.156907216
834,560000,62,15,60,20,0.01,28,1.111428571
835,560009,21,38,75,96,0.02,71,0.627887324
836,560003,48,17,97,49,0.02,97,0.415051546
837,560010,12,38,25,43,0.01,43,0.538837209
838,560009,46,71,46,94,0.06,94,0.486808511
839,560009,76,55,40,75,0.05,87,0.515517241
840,560002,87,99,14,69,0.05,53,0.96509434
841,560004,96,74,47,58,0.04,58,0.908275862
842,560007,23,96,53,74,0.1,78,0.530769231
843,560003,58,81,82,81,0,80,0.755
844,560001,88,38,74,51,0.07,77,0.581948052
845,560006,79,61,49,27,0.01,35,1.224285714
846,560010,46,93,24,100,0.02,28,1.858571429
847,560005,41,57,93,81,0.09,47,1.067446809
848,560001,91,58,73,34,0.1,23,2.126086957
849,560007,52,47,39,25,0.03,64,0.479375
850,560009,35,61,27,89,0.1,33,1.184848485
851,560009,33,64,95,58,0.11,55,0.799090909
852,560003,97,85,46,13,0.08,47,0.945531915
853,560001,38,27,89,84,0.01,32,1.4775
854,560005,65,88,63,99,0.12,93,0.557419355
855,560005,56,39,60,89,0.01,43,1.124883721
856,560005,11,29,25,59,0.03,95,0.231052632
857,560009,54,34,60,31,0,51,0.701960784
858,560009,90,28,29,96,0.07,42,1.087142857
859,560009,19,23,45,99,0.09,88,0.332727273
860,560006,44,67,79,39,0.02,27,1.676296296
861,560005,86,18,89,58,0.09,62,0.719677419
862,560002,42,57,88,33,0.09,69,0.547681159
863,560004,25,25,14,28,0.12,65,0.163076923
864,560009,62,25,48,42,0.04,24,1.435
865,560001,10,28,33,11,0.12,82,0.08
866,560009,51,41,80,46,0.02,60,0.706666667
867,560009,28,26,25,89,0.12,60,0.44
868,560005,99,13,89,67,0.06,81,0.601728395
869,560010,13,55,40,21,0.1,43,0.5
870,560001,83,62,55,27,0.13,50,0.778
871,560009,36,21,74,86,0.04,33,1.275151515
872,560002,75,23,59,69,0.12,96,0.350833333
873,560010,97,66,65,99,0.09,37,1.677567568
874,560003,91,42,25,90,0.12,100,0.376
875,560001,27,60,47,84,0.02,45,0.948888889
876,560002,26,50,96,11,0.13,51,0.587647059
877,560007,38,51,15,14,0.11,24,0.873333333
878,560007,80,36,91,23,0.15,90,0.361111111
879,560000,55,52,90,32,0.15,97,0.322164948
880,560010,25,24,54,92,0.13,64,0.479375
881,560010,86,20,93,28,0.13,95,0.347894737
882,560008,18,43,60,41,0.09,51,0.545294118
883,560001,66,87,75,26,0.07,65,0.711538462
884,560006,18,33,70,12,0.14,91,0.152307692
885,560001,82,60,15,97,0.12,79,0.523037975
886,560005,34,34,27,92,0.06,53,0.645660377
887,560009,29,26,19,98,0.06,68,0.445882353
888,560008,86,18,77,39,0.13,76,0.448947368
889,560002,57,36,58,14,0.02,75,0.42
890,560001,52,22,13,95,0.08,41,0.807804878
891,560001,30,42,17,23,0.1,41,0.446341463
892,560008,54,25,74,61,0.01,97,0.431237113
893,560001,39,47,31,69,0.07,40,0.86
894,560004,66,70,61,17,0.03,85,0.473529412
895,560002,21,23,47,13,0.07,91,0.158571429
896,560004,53,69,62,33,0.07,70,0.55
897,560004,79,19,59,22,0.1,84,0.326190476
898,560008,67,70,90,68,0.05,81,0.678395062
899,560004,82,27,38,40,0.07,30,1.176666667
900,560001,90,57,41,93,0.02,69,0.794492754
901,560006,53,40,50,54,0.02,87,0.432873563
902,560004,40,83,37,70,0.07,86,0.464883721
903,560005,61,32,46,42,0.04,91,0.357802198
904,560001,98,15,59,19,0.1,56,0.582142857
905,560005,63,31,48,26,0.06,31,1.023870968
906,560007,95,30,82,54,0.09,98,0.442653061
907,560008,64,24,61,39,0.11,100,0.266
908,560006,27,30,15,53,0.08,43,0.501395349
909,560004,82,100,55,28,0.06,25,2.06
910,560004,46,19,15,87,0.13,68,0.361176471
911,560010,84,15,42,67,0.06,55,0.696363636
912,560001,10,59,93,88,0.02,51,0.960392157
913,560003,20,69,10,34,0.01,65,0.399230769
914,560006,59,12,59,81,0.15,71,0.444366197
915,560007,87,55,16,74,0.12,22,1.989090909
916,560000,96,54,75,90,0.12,86,0.61255814
917,560002,64,25,35,31,0.1,70,0.342857143
918,560000,50,88,29,54,0.03,86,0.483953488
919,560002,19,47,97,44,0.14,22,1.741818182
920,560001,63,20,74,82,0.14,94,0.368510638
921,560008,69,32,53,54,0,61,0.681967213
922,560002,78,59,68,31,0.09,93,0.417526882
923,560009,75,84,58,66,0.13,66,0.727575758
924,560006,28,12,53,90,0.06,94,0.329361702
925,560010,44,22,72,32,0.06,81,0.359753086
926,560005,66,21,50,97,0.15,74,0.482432432
927,560005,84,53,51,27,0,89,0.483146067
928,560006,42,16,25,89,0.11,83,0.304457831
929,560010,100,95,71,60,0.06,65,0.943076923
930,560010,32,27,100,21,0.03,53,0.649245283
931,560005,15,29,64,59,0.08,28,1.112857143
932,560007,92,47,59,90,0.01,28,2.047142857
933,560010,76,93,97,49,0.09,80,0.6975
934,560001,64,86,97,98,0.09,39,1.679230769
935,560004,83,52,55,59,0.06,98,0.448163265
936,560003,12,58,39,13,0.01,23,1.050869565
937,560000,79,60,34,89,0.1,89,0.488764045
938,560003,18,27,73,96,0.1,57,0.650877193
939,560000,75,29,23,38,0.13,71,0.334788732
940,560007,89,84,77,85,0.13,81,0.697160494
941,560006,51,91,25,43,0.03,45,0.903333333
942,560003,61,67,83,22,0.02,22,2.098181818
943,560009,71,56,100,42,0.03,45,1.165555556
944,560009,68,16,69,77,0.15,84,0.397619048
945,560008,16,35,24,13,0.03,82,0.184634146
946,560010,16,37,20,51,0.1,99,0.150505051
947,560002,81,71,32,32,0.05,83,0.470481928
948,560009,77,46,37,55,0.14,55,0.641818182
949,560000,41,32,98,95,0.06,55,0.907272727
950,560009,35,47,15,49,0.15,43,0.529069767
951,560008,99,46,42,65,0.09,23,2.101304348
952,560010,71,75,83,92,0.05,46,1.345652174
953,560001,18,90,59,48,0.1,61,0.604918033
954,560002,63,90,61,24,0.04,65,0.692307692
955,560007,56,69,77,19,0.08,29,1.444137931
956,560005,16,16,36,96,0.01,32,1.015
957,560002,26,68,76,22,0.03,71,0.51084507
958,560006,40,38,47,24,0.1,96,0.210416667
959,560008,13,21,62,48,0.05,36,0.75
960,560004,92,87,62,29,0.1,55,0.881818182
961,560006,72,55,10,84,0.09,42,0.962380952
962,560002,18,60,54,63,0.06,88,0.383181818
963,560010,46,39,14,49,0.12,57,0.399298246
964,560006,35,77,29,54,0,78,0.5
965,560001,24,37,93,49,0.09,50,0.722
966,560003,21,43,39,26,0.05,85,0.253529412
967,560001,29,93,16,65,0.1,100,0.306
968,560010,69,34,12,62,0.08,99,0.277575758
969,560009,83,63,62,15,0.11,65,0.576153846
970,560001,47,21,29,41,0.02,53,0.500754717
971,560009,82,75,74,95,0.01,58,1.114137931
972,560008,41,58,25,23,0.11,44,0.558181818
973,560006,50,45,45,27,0.01,64,0.511875
974,560000,21,12,22,86,0.13,100,0.152
975,560001,20,40,20,50,0.08,82,0.237073171
976,560003,36,84,83,34,0.03,77,0.585584416
977,560001,94,28,58,38,0.13,44,0.860909091
978,560001,19,80,60,82,0.01,32,1.49625
979,560004,98,78,13,52,0.04,92,0.483913043
980,560004,39,27,12,61,0.03,56,0.466428571
981,560000,15,67,43,22,0.01,58,0.496896552
982,560003,49,56,42,62,0.03,67,0.593880597
983,560005,72,43,18,99,0.1,28,1.557142857
984,560009,98,91,26,52,0.02,94,0.548085106
985,560001,15,45,71,87,0.06,88,0.435454545
986,560004,59,47,67,95,0.14,63,0.710793651
987,560005,74,14,69,16,0.08,93,0.292043011
988,560000,23,82,30,72,0.02,30,1.36
989,560002,67,13,48,10,0.14,52,0.390769231
990,560009,60,56,20,50,0,92,0.404347826
991,560006,34,20,22,79,0.1,58,0.434482759
992,560004,41,48,44,10,0.11,36,0.684444444
993,560008,79,56,12,40,0.08,69,0.462028986
994,560007,56,77,29,34,0.14,96,0.268333333
995,560009,64,91,28,95,0.03,56,0.962857143
996,560002,16,86,96,12,0.14,77,0.405454545
997,560002,98,48,72,58,0.08,60,0.84
998,560000,66,93,20,75,0.11,68,0.637058824
999,560003,88,100,55,57,0.08,91,0.579340659
1000,560001,70,90,89,18,0.07,38,1.335263158
