"","id","Location","Morning_Orders","Noon_Orders","Evening_Orders","Night_Orders","Order_Issues","Available_Drivers","Percentage_Serviced","predict"
"1",1,560005,100,37,78,57,0.15,44,1.086363636,1.25903640130197
"2",2,560009,80,93,33,89,0.07,72,0.749444444,0.92480460330618
"3",3,560005,15,84,16,52,0.01,94,0.345319149,0.0598825422738545
"4",4,560008,64,42,63,61,0.15,39,1.029487179,1.17584594324302
"5",5,560007,90,28,40,59,0.04,45,0.924444444,1.09855988581209
"6",6,560006,36,43,58,89,0.02,60,0.733333333,0.887671282393386
"7",7,560009,14,29,39,47,0.02,59,0.417288136,0.507863332802572
"8",8,560008,19,12,66,12,0.06,39,0.498974359,0.738165934845108
"9",9,560000,75,64,90,94,0.11,41,1.465609756,1.54423249931477
"10",10,560004,22,54,70,76,0.14,85,0.382352941,0.35353837717252
"11",11,560010,64,66,99,71,0.03,71,0.815070423,0.979429189901674
"12",12,560009,75,90,46,68,0.08,25,2.152,1.65983685644766
"13",13,560003,100,76,36,87,0.1,28,2.035714286,1.68389129471932
"14",14,560010,35,16,76,30,0.01,73,0.420136986,0.380437978667032
"15",15,560000,20,10,42,83,0.07,47,0.589574468,0.796754468166332
"16",16,560006,39,57,36,84,0.03,75,0.546,0.581602485496174
"17",17,560005,78,96,26,86,0.02,20,2.84,1.81985646661321
"18",18,560004,73,27,50,81,0.02,98,0.451428571,0.254960196107896
"19",19,560002,94,44,91,68,0.11,30,1.87,1.62768668676893
"20",20,560010,35,12,39,52,0.1,89,0.21011236,-0.0227342114859781
"21",21,560006,88,52,27,27,0.05,26,1.442307692,1.31922881226559
"22",22,560009,67,77,15,40,0.07,83,0.409518072,0.340942283455677
"23",23,560003,31,85,76,41,0.13,21,2.089047619,1.49891560024533
"24",24,560001,11,28,34,28,0.07,50,0.334,0.513902902205793
"25",25,560006,90,25,100,99,0.05,25,2.462,1.82993158595442
"26",26,560007,89,38,28,82,0.14,84,0.424285714,0.443916969414391
"27",27,560001,42,95,83,11,0.11,92,0.392173913,0.269740860348124
"28",28,560009,58,16,80,25,0.02,64,0.539375,0.617924142596823
"29",29,560004,85,28,55,45,0.08,90,0.393333333,0.273346166644053
"30",30,560001,94,59,98,27,0.08,93,0.517849462,0.471215030810286
"31",31,560004,44,45,82,84,0.12,92,0.434347826,0.381642186700558
"32",32,560000,27,95,70,15,0.13,65,0.506923077,0.62767799237049
"33",33,560001,20,85,50,70,0.13,100,0.32,0.110219760735654
"34",34,560000,46,38,52,69,0.06,33,1.182424242,1.24080956222204
"35",35,560009,79,77,85,45,0.01,68,0.831176471,0.983939528627132
"36",36,560010,69,57,86,36,0.06,48,0.973333333,1.14304089698751
"37",37,560004,30,70,59,46,0.11,61,0.562131148,0.71314617267662
"38",38,560010,21,98,22,47,0.05,84,0.397619048,0.287611965531912
"39",39,560001,30,58,34,59,0.12,82,0.321463415,0.254192907620616
"40",40,560001,44,78,27,35,0.05,69,0.483333333,0.531546511553141
"41",41,560006,89,11,92,96,0.05,34,1.644117647,1.57167967836791
"42",42,560000,99,32,54,41,0.06,93,0.426021505,0.28685908927717
"43",43,560004,72,92,44,55,0.1,76,0.592105263,0.697996720740686
"44",44,560006,32,42,72,24,0.09,39,0.781794872,0.962955062845744
"45",45,560007,80,51,74,93,0.09,98,0.518163265,0.475592669180569
"46",46,560007,52,77,60,33,0.1,28,1.485714286,1.35615836946144
"47",47,560001,18,75,90,52,0.05,31,1.466129032,1.38831269790978
"48",48,560002,46,94,38,96,0.01,23,2.372608696,1.72512954529153
"49",49,560005,45,83,26,76,0.06,98,0.409387755,0.217378729320028
"50",50,560000,67,69,99,16,0.1,39,1.187179487,1.2767043349478
"51",51,560002,92,70,16,40,0.04,59,0.698983051,0.854459803751269
"52",52,560001,53,41,64,63,0.06,24,1.781666667,1.45816711001899
"53",53,560003,19,71,22,45,0.11,73,0.320136986,0.315772297271431
"54",54,560006,45,64,86,33,0.12,75,0.488,0.553072255898698
"55",55,560009,83,52,15,19,0.08,22,1.456363636,1.26712847773052
"56",56,560005,75,97,57,67,0,39,1.517948718,1.53712669164691
"57",57,560009,79,36,36,90,0.02,44,1.075454545,1.23108097057373
"58",58,560004,83,93,19,78,0.06,35,1.5,1.4816282778378
"59",59,560003,23,86,17,89,0.06,65,0.601538462,0.7290953432858
"60",60,560001,79,34,96,35,0.02,54,0.883703704,1.05192027837539
"61",61,560004,96,38,51,72,0.03,36,1.397777778,1.42242612970337
"62",62,560001,13,45,90,62,0.07,43,0.906744186,1.07249999678872
"63",63,560006,54,51,47,68,0.03,21,2.065238095,1.52777248084019
"64",64,560006,78,93,69,33,0.12,24,2.155,1.61612099927683
"65",65,560000,76,82,47,49,0.05,35,1.401428571,1.40318591735592
"66",66,560010,48,61,52,44,0,49,0.836734694,0.996180283282029
"67",67,560006,99,49,31,98,0.03,49,1.100612245,1.28507466442977
"68",68,560006,49,21,29,45,0.03,35,0.792857143,0.980397648571946
"69",69,560007,81,83,64,77,0.11,92,0.553043478,0.58809492306739
"70",70,560009,59,73,87,37,0.15,89,0.425280899,0.404612610953294
"71",71,560007,91,29,41,97,0,76,0.678947368,0.762494928561285
"72",72,560008,15,88,70,47,0.02,95,0.443157895,0.241521989763543
"73",73,560008,99,20,75,62,0.13,85,0.472352941,0.502918337581405
"74",74,560002,74,22,99,57,0.06,91,0.493846154,0.423775295399146
"75",75,560002,60,10,14,26,0,84,0.261904762,0.0165926909613314
"76",76,560002,33,62,60,91,0.14,73,0.533972603,0.661640025972558
"77",77,560004,62,65,66,89,0.01,49,1.141020408,1.30799862266328
"78",78,560005,84,37,89,58,0.13,39,1.244358974,1.34042639415124
"79",79,560009,25,75,52,51,0.02,43,0.924186047,1.07673439936357
"80",80,560002,69,19,20,70,0.01,86,0.403953488,0.257385545278843
"81",81,560007,94,80,95,18,0,57,1.007017544,1.1783988048214
"82",82,560000,23,70,73,54,0.1,75,0.486666667,0.537882521628002
"83",83,560009,21,25,97,51,0.02,86,0.431162791,0.298139064716503
"84",84,560006,47,43,88,46,0.09,39,1.058717949,1.18410409811772
"85",85,560010,99,64,55,99,0.04,82,0.733170732,0.864916029498465
"86",86,560000,19,99,57,31,0.02,37,1.093513514,1.18429845293167
"87",87,560003,50,21,45,46,0.09,81,0.31,0.216705403828203
"88",88,560005,83,75,42,29,0.01,63,0.716984127,0.842945284339514
"89",89,560005,78,100,78,67,0.07,64,0.939375,1.1648440246396
"90",90,560006,88,54,97,97,0.03,33,2.006363636,1.78980787552605
"91",91,560001,32,90,38,67,0.02,96,0.452916667,0.261336018682937
"92",92,560006,58,12,65,43,0.01,52,0.674615385,0.833935178530714
"93",93,560005,97,12,93,83,0.02,77,0.72025974,0.83410266119468
"94",94,560008,28,64,87,19,0.01,76,0.511052632,0.483725603142726
"95",95,560009,73,87,53,41,0.04,39,1.262564103,1.33749148915482
"96",96,560001,74,56,88,28,0.03,83,0.562771084,0.548699374690127
"97",97,560005,42,15,97,42,0.08,45,0.791111111,0.975508237076866
"98",98,560002,69,83,94,52,0.13,58,0.897586207,1.12444174868191
"99",99,560010,50,86,71,86,0.04,59,0.953220339,1.15500256980669
"100",100,560003,69,48,86,51,0.07,73,0.625890411,0.732914587371494
"101",101,560002,49,16,60,27,0.06,78,0.32974359,0.242926113655679
"102",102,560007,42,56,56,87,0.02,68,0.688823529,0.808476115199238
"103",103,560002,62,60,15,14,0.12,34,0.768235294,0.957305033449777
"104",104,560004,89,82,36,59,0.1,87,0.511494253,0.524187684140623
"105",105,560009,32,68,52,77,0.04,76,0.562631579,0.604856489964358
"106",106,560005,90,39,71,71,0.11,72,0.642777778,0.800643205672243
"107",107,560008,48,88,55,43,0.08,28,1.591428571,1.41884136872803
"108",108,560004,60,61,10,52,0.12,54,0.557777778,0.749012417994727
"109",109,560003,26,33,89,10,0.01,99,0.309191919,-0.0732208029160148
"110",110,560006,100,12,39,19,0.09,31,1.006774194,1.11226702502872
"111",111,560007,76,36,94,73,0.1,59,0.845762712,1.06125400525753
"112",112,560000,21,48,87,72,0.06,100,0.396,0.169440157087023
"113",113,560002,77,93,94,91,0.02,78,0.89025641,1.08900722424219
"114",114,560008,96,50,17,81,0.07,93,0.454731183,0.363128985115409
"115",115,560004,81,56,100,97,0.01,63,1.05031746,1.27562107920392
"116",116,560008,43,30,49,25,0.02,73,0.382739726,0.3344594103519
"117",117,560003,36,29,13,63,0.14,72,0.251666667,0.259893557497328
"118",118,560003,35,39,33,25,0.03,43,0.583953488,0.785979826494858
"119",119,560008,64,57,77,81,0.06,66,0.785454545,0.967151363929366
"120",120,560004,25,76,36,24,0.02,56,0.555,0.679008012344706
"121",121,560006,69,57,71,17,0.03,69,0.590289855,0.660917678602675
"122",122,560001,88,70,37,19,0.1,48,0.791666667,0.981406732412514
"123",123,560003,94,43,62,25,0.04,72,0.582222222,0.648883711088819
"124",124,560005,43,76,86,13,0.01,26,1.666923077,1.42653861905965
"125",125,560004,13,39,50,74,0.05,51,0.640196078,0.818600588951462
"126",126,560005,66,25,85,56,0.1,39,1.08974359,1.2156552271511
"127",127,560000,10,31,25,41,0.01,40,0.525,0.754030490422735
"128",128,560005,99,19,61,63,0.1,98,0.393877551,0.243809723401112
"129",129,560002,15,46,39,91,0.11,43,0.778372093,0.981594369077038
"130",130,560000,55,98,57,50,0.01,95,0.537368421,0.412880069132372
"131",131,560000,19,25,45,93,0,96,0.379166667,0.105183825503166
"132",132,560009,85,42,78,18,0.05,70,0.587142857,0.668929192443113
"133",133,560003,36,94,54,70,0.13,61,0.702786885,0.900345019315543
"134",134,560005,80,75,31,13,0.04,76,0.483684211,0.475308150161253
"135",135,560003,89,40,27,54,0.04,69,0.568695652,0.654627376752215
"136",136,560004,90,50,64,100,0.08,42,1.367619048,1.47739978540448
"137",137,560004,51,96,84,82,0.02,59,1.041016949,1.24528089214018
"138",138,560009,57,58,94,54,0.03,63,0.804920635,0.966134456535107
"139",139,560005,26,91,42,44,0.07,72,0.493888889,0.540296895398951
"140",140,560002,71,43,55,88,0.1,48,0.970833333,1.16927235204309
"141",141,560007,71,58,24,91,0.02,53,0.900754717,1.08604056536522
"142",142,560008,59,96,84,16,0.07,55,0.857272727,1.03417721989498
"143",143,560003,39,100,20,18,0.14,81,0.297037037,0.230484396402107
"144",144,560003,56,32,64,89,0.14,53,0.769433962,0.991403510706191
"145",145,560000,95,14,28,55,0.12,44,0.752727273,0.964696314913523
"146",146,560002,60,49,67,58,0,58,0.806896552,0.960964322334495
"147",147,560006,15,38,71,94,0.06,87,0.441149425,0.361147193967743
"148",148,560000,32,74,40,77,0.12,46,0.849565217,1.04661743394272
"149",149,560008,52,67,64,38,0.12,72,0.493888889,0.580461969135567
"150",150,560010,60,28,65,95,0.09,77,0.554155844,0.640020034022959
"151",151,560008,31,35,59,82,0.02,61,0.658688525,0.792919329178678
"152",152,560002,33,53,52,10,0.07,73,0.335479452,0.298276946430921
"153",153,560003,40,43,25,51,0.13,98,0.194489796,-0.115606722290468
"154",154,560007,23,59,86,79,0.04,62,0.756774194,0.916166048572914
"155",155,560009,16,14,12,19,0.09,90,0.045555556,-0.348833376038927
"156",156,560000,74,99,19,44,0.07,36,1.241111111,1.30015062380337
"157",157,560000,70,71,63,24,0.12,83,0.42939759,0.416468801744321
"158",158,560004,74,35,53,40,0.05,89,0.403932584,0.263800104192379
"159",159,560003,46,11,13,15,0.01,26,0.643846154,0.908100468493926
"160",160,560005,100,99,72,99,0.08,76,0.893684211,1.14925732340572
"161",161,560003,31,61,87,17,0.09,92,0.336086957,0.146296060884619
"162",162,560010,20,59,69,17,0.11,92,0.248695652,0.00979844806204055
"163",163,560002,18,61,67,37,0,60,0.61,0.712255244384964
"164",164,560003,44,51,53,31,0.01,66,0.532424242,0.589199889440988
"165",165,560004,62,28,32,53,0.05,89,0.343258427,0.160337914491767
"166",166,560002,67,38,84,15,0.13,48,0.72,0.917378634122837
"167",167,560003,57,23,65,95,0.06,40,1.14,1.26739399460864
"168",168,560002,16,80,35,86,0.09,47,0.833404255,1.02575953788782
"169",169,560001,31,36,91,91,0.01,22,2.253636364,1.64055864964619
"170",170,560008,53,34,71,84,0.03,29,1.638965517,1.48074817968517
"171",171,560006,98,33,51,51,0.12,73,0.518356164,0.623078287059449
"172",172,560006,85,63,45,30,0.11,75,0.484666667,0.546570722620246
"173",173,560005,90,14,63,63,0.1,77,0.497402597,0.558087028828446
"174",174,560000,100,55,12,96,0.07,24,2.121666667,1.63523340528523
"175",175,560009,98,64,52,38,0.06,87,0.519310345,0.4908320261616
"176",176,560006,20,71,74,55,0.08,22,1.92,1.46664042272524
"177",177,560005,37,45,26,67,0.09,55,0.546363636,0.721138542886702
"178",178,560004,33,83,29,59,0.07,40,0.95,1.10337478675898
"179",179,560009,68,86,35,68,0.12,42,1.103809524,1.25228759665784
"180",180,560009,96,36,26,32,0,94,0.404255319,0.165093564649825
"181",181,560006,38,51,76,62,0.02,58,0.762758621,0.917565157856223
"182",182,560006,90,76,25,87,0.11,27,1.949259259,1.61057854053262
"183",183,560002,33,93,37,48,0.05,75,0.512666667,0.53561352922797
"184",184,560004,41,39,75,20,0.06,38,0.861052632,1.02004888464156
"185",185,560004,16,34,75,45,0.09,72,0.382222222,0.396796092487938
"186",186,560008,61,76,67,27,0.1,75,0.516,0.578986717278891
"187",187,560001,16,33,95,57,0.13,56,0.587857143,0.771865188696719
"188",188,560000,71,98,54,10,0.09,50,0.842,1.02151029100168
"189",189,560009,16,80,48,28,0.1,61,0.463934426,0.582181217746069
"190",190,560005,63,50,99,20,0.1,64,0.625,0.771157326497539
"191",191,560008,75,67,100,100,0.04,72,0.91,1.13131470003159
"192",192,560006,38,16,92,77,0,55,0.810909091,0.972163715711744
"193",193,560004,48,49,59,40,0.09,31,1.174516129,1.21102504541398
"194",194,560004,23,57,65,26,0.02,32,1.04875,1.13316520953958
"195",195,560002,85,32,94,58,0.13,80,0.5425,0.636162252633063
"196",196,560006,24,85,23,46,0.07,62,0.504193548,0.615650231390523
"197",197,560010,84,65,78,49,0.06,90,0.553333333,0.533865804085543
"198",198,560002,72,65,19,80,0.08,51,0.845490196,1.04603001761695
"199",199,560005,78,21,71,44,0.05,46,0.880434783,1.05579456951345
"200",200,560007,35,22,75,45,0.07,33,1.002727273,1.1148445047727
"201",201,560001,44,58,47,34,0.07,98,0.303469388,0.0130935987543044
"202",202,560006,100,39,28,49,0.08,26,1.581538462,1.39488067288152
"203",203,560005,34,68,98,62,0.08,98,0.454693878,0.322659121245706
"204",204,560000,85,43,49,100,0.11,43,1.178372093,1.3337658592695
"205",205,560001,57,13,100,83,0.14,94,0.398297872,0.328247344258834
"206",206,560005,38,94,40,17,0.11,96,0.28375,0.0376597297017101
"207",207,560003,56,87,24,69,0.03,85,0.525294118,0.485057748863353
"208",208,560008,77,71,46,74,0.15,32,1.525,1.45189219877965
"209",209,560002,98,44,43,98,0.1,33,1.615151515,1.53837601456219
"210",210,560010,83,98,99,72,0.15,76,0.776315789,1.02040142638481
"211",211,560000,12,39,41,26,0.11,91,0.149340659,-0.155089971459128
"212",212,560004,32,92,13,75,0.12,31,1.247741935,1.26201700082652
"213",213,560007,69,39,73,83,0.12,78,0.556923077,0.663044670400671
"214",214,560001,89,90,30,84,0.07,69,0.779275362,0.968850992350578
"215",215,560002,91,91,72,39,0.07,37,1.513783784,1.50727343585855
"216",216,560002,96,26,82,73,0.09,22,2.428181818,1.70309751358541
"217",217,560002,93,45,69,14,0.09,29,1.434137931,1.34310119049384
"218",218,560008,74,73,54,93,0.09,48,1.135,1.32260886837357
"219",219,560010,10,68,30,68,0.05,61,0.52704918,0.643132296762731
"220",220,560006,85,86,23,99,0.06,24,2.381666667,1.75720830717959
"221",221,560001,21,75,85,70,0.03,59,0.820847458,0.986849952629744
"222",222,560007,61,99,39,77,0.1,53,0.941509434,1.15138940411026
"223",223,560010,70,39,46,59,0.09,35,1.132857143,1.22267505223729
"224",224,560001,51,26,100,61,0.12,31,1.415483871,1.36293503585856
"225",225,560006,82,18,23,33,0.06,54,0.517777778,0.681298497115694
"226",226,560009,19,64,92,75,0.06,22,2.212727273,1.60364939966976
"227",227,560007,79,13,76,84,0.14,42,1.06,1.22717601757592
"228",228,560006,31,83,73,15,0.11,97,0.306494845,0.0693170164563426
"229",229,560000,30,88,24,97,0.12,97,0.372783505,0.234155270109659
"230",230,560006,94,79,39,77,0.04,45,1.244444444,1.38645946051646
"231",231,560003,56,33,53,80,0.09,78,0.479230769,0.515376468753671
"232",232,560007,51,66,42,100,0.08,100,0.438,0.292050495354335
"233",233,560007,20,43,38,66,0.15,34,0.832352941,1.00942112498314
"234",234,560004,75,76,42,48,0.1,66,0.63030303,0.783093242679516
"235",235,560000,86,55,30,37,0.14,21,1.840952381,1.40355083405775
"236",236,560005,69,67,94,54,0.08,33,1.641212121,1.53556787056281
"237",237,560000,99,48,100,37,0.03,83,0.654337349,0.704905501001522
"238",238,560010,49,12,82,96,0.11,44,0.976363636,1.16010996352858
"239",239,560010,32,52,91,45,0.07,74,0.524594595,0.573861878260865
"240",240,560004,12,68,78,30,0.15,70,0.387142857,0.456050525164603
"241",241,560004,99,35,14,36,0.02,63,0.564126984,0.665852371641612
"242",242,560008,85,30,72,90,0.13,100,0.424,0.33244255196124
"243",243,560009,12,38,88,50,0.11,40,0.83,1.00767658213261
"244",244,560001,91,54,44,28,0.12,96,0.332083333,0.154144595642753
"245",245,560009,76,12,90,97,0.1,86,0.539534884,0.587156801401074
"246",246,560004,95,24,79,55,0.14,96,0.387083333,0.291430865983131
"247",247,560009,64,22,55,49,0.12,77,0.373506494,0.37895904951329
"248",248,560006,55,79,54,22,0.13,59,0.581864407,0.750645544912218
"249",249,560009,30,15,48,68,0.01,71,0.443521127,0.442235840012595
"250",250,560010,29,60,93,42,0.14,82,0.406341463,0.403248591001
"251",251,560001,29,98,87,36,0.07,30,1.596666667,1.44760352000063
"252",252,560009,93,91,96,72,0.04,47,1.45787234,1.59632558523048
"253",253,560009,85,74,17,65,0.1,22,2.090909091,1.55077468040738
"254",254,560010,16,74,51,35,0.12,72,0.368888889,0.396835728284753
"255",255,560009,96,69,26,30,0.12,53,0.713962264,0.914226902384356
"256",256,560006,96,30,42,73,0.14,20,2.27,1.563702612123
"257",257,560006,58,77,25,16,0.03,82,0.399268293,0.285260150334834
"258",258,560000,45,30,84,79,0.08,71,0.590422535,0.703165816596785
"259",259,560006,12,63,67,10,0.08,42,0.643809524,0.838952886771391
"260",260,560002,91,15,55,94,0.13,69,0.609130435,0.784545115588758
"261",261,560000,76,50,66,68,0.01,30,1.723333333,1.54600958662364
"262",262,560000,100,48,42,76,0.05,76,0.65,0.755239229594093
"263",263,560009,67,43,73,99,0.01,84,0.661428571,0.70761917518729
"264",264,560003,84,56,84,94,0.1,36,1.666666667,1.61941471239045
"265",265,560004,65,70,56,37,0.12,65,0.581538462,0.73083254689199
"266",266,560001,65,56,49,99,0.01,41,1.302195122,1.39929181716218
"267",267,560006,81,17,88,12,0.01,44,0.89,1.04436356971144
"268",268,560003,88,83,58,92,0.11,68,0.834117647,1.0715547714548
"269",269,560008,39,39,89,32,0,56,0.710714286,0.846279626846707
"270",270,560004,34,56,74,26,0.08,98,0.307755102,0.0293534442899941
"271",271,560002,83,63,91,68,0,66,0.924242424,1.10781238977707
"272",272,560006,99,69,16,91,0.1,39,1.31025641,1.40117189010611
"273",273,560010,97,63,83,26,0.11,26,1.959230769,1.5739321611861
"274",274,560009,27,13,43,73,0.01,68,0.448823529,0.475623708939229
"275",275,560010,68,90,69,56,0.13,69,0.690289855,0.87683402610492
"276",276,560003,15,23,36,16,0.02,49,0.347346939,0.518159160974347
"277",277,560002,91,45,40,83,0.06,79,0.595696203,0.670061462129747
"278",278,560003,78,99,31,27,0.1,41,1.046341463,1.18508537497855
"279",279,560001,75,91,88,73,0.03,92,0.680869565,0.724718515151403
"280",280,560001,14,51,20,82,0.08,48,0.615833333,0.818095935406821
"281",281,560006,54,24,84,82,0.09,90,0.452222222,0.394399076474744
"282",282,560008,65,57,68,71,0.14,33,1.441818182,1.41074993027881
"283",283,560010,81,45,42,44,0.13,100,0.294,0.0623226015434073
"284",284,560010,90,48,15,41,0.07,92,0.35173913,0.17063510615505
"285",285,560002,32,94,59,58,0.01,95,0.501578947,0.344818289432057
"286",286,560002,83,75,95,64,0.12,25,2.416,1.78211502131174
"287",287,560005,26,26,42,60,0.08,75,0.330666667,0.295876145988006
"288",288,560010,62,70,46,77,0.02,57,0.874736842,1.05359456995669
"289",289,560009,33,72,28,11,0.05,88,0.277272727,0.0369666559326391
"290",290,560001,71,27,97,86,0.08,54,0.960740741,1.17214069758889
"291",291,560010,98,82,19,16,0.07,68,0.562352941,0.660461205515584
"292",292,560002,99,35,24,24,0.09,52,0.61,0.79768951470489
"293",293,560003,49,18,46,32,0.04,38,0.723157895,0.921572138625258
"294",294,560007,50,92,72,90,0.02,74,0.801621622,0.953399879971544
"295",295,560006,34,86,89,13,0.14,74,0.46,0.524876018824721
"296",296,560001,59,58,44,41,0.15,57,0.55877193,0.747768577010064
"297",297,560010,16,81,100,91,0.05,85,0.627647059,0.674986484357188
"298",298,560006,79,44,61,93,0.14,28,1.838571429,1.56960556609538
"299",299,560004,64,21,74,23,0.03,71,0.482676056,0.502497716890502
"300",300,560001,17,51,91,18,0.03,96,0.33875,0.040502974944651
"301",301,560006,14,83,39,45,0.07,29,1.178275862,1.19537684074888
"302",302,560009,21,65,71,30,0.15,60,0.473333333,0.62659840543194
"303",303,560003,95,52,71,59,0.05,44,1.209090909,1.34458594550744
"304",304,560009,33,57,88,29,0.14,37,0.978918919,1.11075070040679
"305",305,560003,58,65,70,89,0.07,96,0.5175,0.455397497553313
"306",306,560005,29,17,43,48,0.02,37,0.720540541,0.922420721879058
"307",307,560003,98,53,16,37,0.08,72,0.486666667,0.548786633528064
"308",308,560003,95,29,24,36,0.05,42,0.826190476,1.00807331108288
"309",309,560009,54,26,32,12,0.13,39,0.505897436,0.756764410494997
"310",310,560009,13,86,21,98,0.05,56,0.728571429,0.90407588896044
"311",311,560002,92,29,97,31,0.13,33,1.379090909,1.3624315728203
"312",312,560006,15,17,41,57,0.06,44,0.530909091,0.747945730833695
"313",313,560001,22,26,19,38,0.06,88,0.178636364,-0.115035961088222
"314",314,560005,54,46,30,80,0.01,49,0.847142857,1.02214945831132
"315",315,560008,79,96,84,55,0.11,90,0.587777778,0.650148113597488
"316",316,560000,79,71,87,43,0.1,50,1.02,1.21113991809943
"317",317,560007,42,52,64,29,0.02,48,0.759166667,0.92380834011305
"318",318,560005,86,52,16,80,0.12,30,1.44,1.37716308081016
"319",319,560001,44,46,67,22,0.09,97,0.279072165,-0.00242611363051681
"320",320,560002,71,27,21,38,0,93,0.337634409,0.050750647113732
"321",321,560007,65,41,46,46,0.06,62,0.578709677,0.708304373350765
"322",322,560008,19,11,34,25,0.06,54,0.26962963,0.405092731408768
"323",323,560008,79,75,93,95,0.08,75,0.832,1.05199030807806
"324",324,560006,56,17,25,72,0.07,20,1.63,1.32489351120723
"325",325,560001,19,55,70,57,0.03,29,1.356206897,1.30514553838432
"326",326,560006,55,85,16,71,0,53,0.856603774,1.02314566717414
"327",327,560010,12,47,76,85,0.13,56,0.655714286,0.854562474384265
"328",328,560007,45,20,45,18,0.11,47,0.434680851,0.647797714080343
"329",329,560007,96,21,47,39,0.08,55,0.658181818,0.839062964416026
"330",330,560006,74,47,71,21,0.06,58,0.674482759,0.829455789485599
"331",331,560000,82,28,99,75,0.08,73,0.698082192,0.853997209164181
"332",332,560010,39,71,47,74,0.11,42,0.99,1.15396402574839
"333",333,560007,42,58,24,93,0.09,33,1.225151515,1.27488244702344
"334",334,560006,79,93,77,99,0.13,36,1.803333333,1.71732544240335
"335",335,560008,84,79,13,17,0.07,60,0.573333333,0.710423844788727
"336",336,560000,87,22,92,61,0.09,92,0.479565217,0.429413341264433
"337",337,560005,74,36,67,98,0.06,86,0.579534884,0.613523984294311
"338",338,560001,95,39,46,53,0.05,39,1.144871795,1.25703573663928
"339",339,560009,15,35,93,11,0.05,67,0.409701493,0.435772128068349
"340",340,560001,29,52,45,48,0.1,61,0.470491803,0.599148924085643
"341",341,560005,92,71,45,66,0.14,28,1.817142857,1.55123418129602
"342",342,560001,86,76,30,76,0.06,35,1.471428571,1.46206807729128
"343",343,560002,70,29,21,41,0.07,45,0.645555556,0.850069355282315
"344",344,560007,57,83,16,91,0.05,31,1.543548387,1.45524950172742
"345",345,560004,63,89,89,10,0.12,41,1.104390244,1.22605266683896
"346",346,560001,82,53,64,69,0.01,74,0.714324324,0.818491271983237
"347",347,560004,41,94,65,61,0.04,63,0.788571429,0.950830559250764
"348",348,560005,73,26,61,54,0.09,57,0.660877193,0.84154376094484
"349",349,560001,43,62,85,40,0.02,74,0.601621622,0.646465694230026
"350",350,560009,66,28,74,71,0.06,79,0.545063291,0.583381197145195
"351",351,560006,97,18,72,78,0.07,35,1.444285714,1.44671522198452
"352",352,560007,87,99,85,28,0.06,79,0.696962025,0.807294900997845
"353",353,560001,63,10,26,45,0.07,49,0.517755102,0.714619362022341
"354",354,560005,74,82,27,58,0.08,67,0.639402985,0.782162587711323
"355",355,560000,64,90,88,89,0.08,47,1.328510638,1.48792506151913
"356",356,560004,27,49,14,21,0.12,49,0.333061224,0.537641301330114
"357",357,560004,20,63,65,35,0.1,63,0.480952381,0.593773697614986
"358",358,560007,21,23,64,77,0.02,32,1.13625,1.20452585278381
"359",359,560005,91,32,33,73,0.08,57,0.723508772,0.916382453677965
"360",360,560002,31,87,74,47,0.14,85,0.422352941,0.411932214177165
"361",361,560005,100,63,72,97,0.15,65,0.871538462,1.14383317692714
"362",362,560005,86,69,23,90,0.1,49,0.993877551,1.19829263293002
"363",363,560008,77,99,95,74,0.15,30,2.15,1.78735162940632
"364",364,560007,45,33,54,34,0.03,55,0.573636364,0.71642953452169
"365",365,560008,27,79,94,34,0.13,68,0.558235294,0.687759466722304
"366",366,560007,45,79,12,48,0.02,74,0.477297297,0.46952565182677
"367",367,560009,30,23,71,38,0.15,45,0.57,0.792549089934172
"368",368,560006,26,65,83,41,0.12,31,1.267096774,1.2615814647588
"369",369,560006,11,80,42,79,0.1,61,0.595081967,0.754456306434313
"370",370,560004,38,23,41,67,0.02,98,0.324897959,0.00148715672173672
"371",371,560000,14,21,61,92,0.03,92,0.378695652,0.17661723537226
"372",372,560002,82,82,57,35,0.06,54,0.888148148,1.07259018618044
"373",373,560010,74,72,70,79,0.09,71,0.740985915,0.924523348655082
"374",374,560006,82,20,95,66,0.03,90,0.554444444,0.508421638864354
"375",375,560009,40,89,51,20,0.1,40,0.9,1.05624071854878
"376",376,560010,79,89,63,88,0.13,35,1.692857143,1.61761492076796
"377",377,560004,82,82,91,74,0.15,95,0.542631579,0.602760510563455
"378",378,560007,64,31,24,94,0.13,57,0.617368421,0.822584230388863
"379",379,560000,45,91,22,82,0.1,69,0.595652174,0.732924865003318
"380",380,560005,71,79,46,54,0.07,86,0.511395349,0.493853045179418
"381",381,560006,21,25,76,80,0.01,42,0.951904762,1.10582841355051
"382",382,560008,56,58,94,85,0.06,72,0.753888889,0.918056278085272
"383",383,560001,43,48,46,36,0.15,84,0.261904762,0.163333758118441
"384",384,560000,97,42,81,19,0.06,29,1.588275862,1.43578649211425
"385",385,560000,80,91,74,24,0.14,34,1.442352941,1.41184987528035
"386",386,560007,48,81,99,74,0.14,30,1.873333333,1.62060006473129
"387",387,560000,71,96,90,77,0.14,20,3.2,1.92365101575051
"388",388,560000,50,58,63,13,0.07,32,1.08,1.15152197660346
"389",389,560001,96,22,98,58,0.01,75,0.720666667,0.823806632762176
"390",390,560007,78,94,55,26,0.06,68,0.684117647,0.81520139034092
"391",391,560005,83,30,14,12,0.08,54,0.434814815,0.594760468167912
"392",392,560005,73,91,15,10,0.14,95,0.257894737,0.0392142339415122
"393",393,560008,69,13,52,67,0.01,61,0.649016393,0.778299154517824
"394",394,560000,75,31,49,57,0.04,40,1.02,1.16195024423124
"395",395,560003,67,66,57,13,0.12,54,0.631851852,0.815624479569917
"396",396,560008,28,98,98,72,0.06,74,0.74,0.885549656967671
"397",397,560003,32,93,98,71,0.09,85,0.601764706,0.668208182481166
"398",398,560008,59,60,64,50,0.02,60,0.756666667,0.906347881956779
"399",399,560006,56,30,64,74,0.04,33,1.317575758,1.33190674236418
"400",400,560004,89,28,27,80,0.03,75,0.567333333,0.620967311291623
"401",401,560004,92,79,52,14,0.03,60,0.76,0.909486729369231
"402",402,560002,85,52,11,59,0.04,24,1.685,1.42123719775626
"403",403,560001,70,25,30,75,0.07,94,0.355531915,0.167171020349048
"404",404,560005,98,23,37,28,0.11,38,0.868947368,1.04314638641617
"405",405,560010,24,14,54,79,0.13,94,0.233829787,0.0068499126832946
"406",406,560008,84,66,67,67,0.03,22,2.551818182,1.76585965930702
"407",407,560004,78,84,100,90,0.14,22,3.06,1.96511678864005
"408",408,560010,78,55,24,86,0.11,21,2.204285714,1.57496741110399
"409",409,560007,27,11,59,14,0.01,82,0.260731707,0.0383616606299915
"410",410,560001,68,88,23,27,0.12,87,0.353563218,0.261866852026282
"411",411,560000,58,50,19,81,0.12,69,0.482898551,0.596839644551718
"412",412,560002,26,39,33,38,0.09,45,0.514444444,0.729874642340633
"413",413,560006,83,38,68,93,0.07,41,1.305609756,1.41176072631289
"414",414,560004,64,22,86,42,0.09,91,0.38032967,0.248504971498432
"415",415,560008,58,90,90,35,0.09,86,0.544883721,0.561784633148434
"416",416,560003,99,84,43,65,0.09,28,1.988571429,1.65176892719697
"417",417,560008,79,52,66,11,0.08,70,0.514285714,0.586906116320947
"418",418,560010,87,77,50,68,0.1,92,0.513043478,0.502979981879053
"419",419,560003,25,60,61,82,0.03,70,0.621428571,0.711645044330692
"420",420,560005,91,76,43,92,0.07,74,0.746216216,0.920733896972666
"421",421,560008,44,80,60,17,0.12,58,0.573103448,0.73568248624252
"422",422,560008,37,12,33,82,0.13,42,0.650952381,0.881325490049774
"423",423,560001,54,84,31,48,0.03,78,0.526410256,0.524441363699043
"424",424,560007,89,99,69,36,0.02,89,0.638426966,0.640603981525164
"425",425,560006,67,16,100,96,0.15,54,0.883333333,1.12049340403109
"426",426,560008,44,28,36,83,0.13,22,1.606363636,1.3339814632546
"427",427,560000,81,85,14,48,0.1,38,1.1,1.2171013080713
"428",428,560006,34,73,83,40,0.12,98,0.349387755,0.163727859701352
"429",429,560003,62,95,67,98,0.11,28,2.19,1.76367713510245
"430",430,560001,74,29,72,90,0.15,27,1.812962963,1.5314996744177
"431",431,560010,47,22,36,98,0.08,39,0.961025641,1.12588304062748
"432",432,560009,87,26,76,40,0.06,65,0.644615385,0.779849291273848
"433",433,560006,15,78,31,89,0.13,97,0.309175258,0.120509796700322
"434",434,560005,48,50,81,66,0.09,78,0.538205128,0.599116869508823
"435",435,560006,63,98,100,38,0.15,25,2.242,1.67944140844658
"436",436,560003,51,94,16,58,0.02,52,0.822307692,0.990802132512136
"437",437,560006,73,19,47,27,0.09,21,1.490952381,1.26701033042035
"438",438,560005,26,99,14,26,0.08,22,1.42,1.24299845221962
"439",439,560006,16,50,96,80,0.14,52,0.790769231,1.00213050769478
"440",440,560001,32,51,57,52,0.08,93,0.332903226,0.131787097895447
"441",441,560005,60,84,62,75,0.11,69,0.704492754,0.887098770912624
"442",442,560005,95,14,77,39,0.14,42,0.931428571,1.10973442787081
"443",443,560000,63,20,71,21,0.02,83,0.401686747,0.273592592974725
"444",444,560007,32,52,59,16,0.03,93,0.311935484,0.0240679117979856
"445",445,560002,93,46,19,44,0.07,34,1.118235294,1.20557560923194
"446",446,560002,60,52,69,35,0.08,50,0.784,0.968134757288054
"447",447,560008,74,26,71,23,0.11,77,0.393896104,0.39449251955272
"448",448,560005,59,19,84,77,0.02,78,0.592820513,0.62793048173589
"449",449,560005,45,49,92,38,0.11,61,0.62442623,0.787685747599275
"450",450,560004,82,76,61,41,0.09,84,0.529047619,0.552003755427096
"451",451,560008,93,30,92,96,0.13,39,1.464871795,1.52277416885134
"452",452,560007,94,75,23,79,0.14,96,0.424583333,0.369251686537241
"453",453,560000,54,93,43,41,0.13,52,0.758461538,0.959695466385547
"454",454,560008,83,72,22,79,0.13,20,2.43,1.62832786343132
"455",455,560008,75,10,83,22,0.02,57,0.646666667,0.784064053197704
"456",456,560002,22,20,44,29,0.05,28,0.771428571,0.964427406957425
"457",457,560005,69,35,50,92,0.06,65,0.696923077,0.860074446185895
"458",458,560006,30,19,81,43,0.03,76,0.425263158,0.381235555567816
"459",459,560006,70,18,20,15,0.07,95,0.188947368,-0.170897712741941
"460",460,560004,85,44,33,79,0.09,58,0.741034483,0.940189888364355
"461",461,560006,16,56,57,57,0.1,84,0.342857143,0.249219659811504
"462",462,560001,71,75,13,74,0.01,67,0.685522388,0.80208376492429
"463",463,560001,19,65,74,94,0.11,82,0.504634146,0.54788760532985
"464",464,560001,53,38,65,27,0.13,43,0.721162791,0.923026300110233
"465",465,560000,72,65,47,39,0.07,69,0.576376812,0.677327364150664
"466",466,560000,22,41,90,91,0.15,42,1.011904762,1.18087616122623
"467",467,560008,62,65,12,49,0.02,97,0.367628866,0.0913272527995395
"468",468,560006,22,78,12,35,0.14,24,1.085,1.10059847559539
"469",469,560002,94,14,78,92,0.06,78,0.652820513,0.765316866013862
"470",470,560000,39,37,66,76,0.08,83,0.445301205,0.415499981834419
"471",471,560003,87,46,34,24,0.02,85,0.429411765,0.306877981281389
"472",472,560007,27,65,96,74,0.1,37,1.316216216,1.36600666703696
"473",473,560001,20,88,15,78,0.08,33,1.138181818,1.20978434601138
"474",474,560009,31,99,76,55,0.15,78,0.519230769,0.61482823544946
"475",475,560000,31,17,10,31,0.13,28,0.505714286,0.812032629338715
"476",476,560007,96,78,50,83,0.12,73,0.72109589,0.922334497431263
"477",477,560000,79,39,80,70,0.1,36,1.388888889,1.41518284710807
"478",478,560002,30,91,38,24,0.13,64,0.441875,0.554661934644606
"479",479,560004,74,79,70,77,0.09,31,1.845483871,1.63448368056425
"480",480,560005,21,48,95,18,0.01,36,1.001111111,1.11074082354315
"481",481,560007,36,75,59,27,0.04,71,0.514929577,0.550354894384073
"482",482,560003,15,97,40,21,0.1,78,0.343589744,0.289784931858513
"483",483,560006,82,95,98,39,0.12,67,0.817313433,1.03618849733482
"484",484,560005,46,18,49,80,0.07,73,0.458767123,0.499882675625825
"485",485,560000,76,38,54,93,0,45,1.16,1.30569261558303
"486",486,560007,59,32,79,60,0.05,23,1.95,1.51743845000069
"487",487,560004,86,63,91,84,0.14,29,2.094482759,1.73431457898193
"488",488,560001,32,68,100,54,0.07,81,0.557160494,0.58873035094759
"489",489,560008,37,72,89,48,0.11,69,0.603043478,0.737170302770263
"490",490,560005,66,21,50,49,0.1,24,1.45,1.29268353533703
"491",491,560000,53,88,56,36,0.13,81,0.445308642,0.464656316252937
"492",492,560008,43,26,55,61,0.1,77,0.380519481,0.372728969416831
"493",493,560005,70,82,26,77,0.11,85,0.49,0.511518474916837
"494",494,560007,100,21,67,90,0.03,99,0.531616162,0.42280117581259
"495",495,560010,15,75,66,100,0.01,100,0.502,0.320058897902758
"496",496,560010,27,94,91,64,0.11,23,2.29,1.65254309678739
"497",497,560005,80,79,12,96,0.11,69,0.663913043,0.843006517711812
"498",498,560002,68,48,50,42,0.02,84,0.475238095,0.393030443589753
"499",499,560009,35,81,59,48,0.1,96,0.364583333,0.186961219923015
"500",500,560008,81,62,38,90,0.05,32,1.64375,1.53603135246616
"501",501,560003,49,15,81,70,0.06,60,0.656666667,0.814420194808222
"502",502,560002,98,61,42,36,0.11,71,0.557605634,0.674811199300735
"503",503,560004,73,10,90,34,0.07,67,0.547910448,0.648164659132795
"504",504,560000,18,28,67,56,0.14,63,0.396507937,0.519239172504347
"505",505,560000,79,44,10,47,0.06,97,0.311134021,0.0361088163927055
"506",506,560000,41,97,32,51,0.14,80,0.4125,0.431055828132733
"507",507,560010,27,18,59,32,0.07,100,0.202,-0.208807023052314
"508",508,560008,34,38,72,65,0.12,53,0.668679245,0.867548822858819
"509",509,560000,28,53,38,52,0.08,30,1.06,1.13742593851846
"510",510,560006,29,75,46,17,0.09,27,1.147037037,1.15551549486601
"511",511,560008,47,80,29,38,0.04,27,1.397037037,1.30447609390743
"512",512,560003,44,72,86,42,0.09,85,0.484117647,0.465493923817451
"513",513,560009,85,98,94,28,0.1,59,0.933898305,1.14940469369827
"514",514,560010,21,44,71,43,0.04,39,0.877948718,1.03553387572324
"515",515,560006,22,30,32,12,0.07,34,0.494705882,0.76754759923396
"516",516,560009,56,86,44,51,0.13,85,0.427647059,0.416693420124175
"517",517,560004,47,94,100,14,0.15,24,1.975,1.51384102302495
"518",518,560006,51,23,39,91,0.05,86,0.424418605,0.33607209936273
"519",519,560000,45,67,82,56,0.06,68,0.675294118,0.807404336937503
"520",520,560003,79,26,86,41,0.15,24,1.783333333,1.43910215407531
"521",521,560003,36,97,36,67,0.02,79,0.577468354,0.590946906603168
"522",522,560006,20,22,96,22,0.02,100,0.3,-0.0864082942187463
"523",523,560000,96,50,64,58,0.12,86,0.503255814,0.537155961353515
"524",524,560003,72,91,18,100,0.03,80,0.6725,0.760540965980392
"525",525,560003,88,30,61,23,0.12,66,0.492121212,0.61175792023073
"526",526,560002,74,11,98,80,0.13,37,1.291621622,1.36097604384784
"527",527,560001,37,26,100,16,0.15,69,0.36884058,0.438379413181246
"528",528,560010,22,98,41,50,0.09,81,0.430987654,0.404005682004117
"529",529,560006,31,74,98,62,0.12,90,0.468888889,0.445483458747295
"530",530,560007,60,44,90,61,0.11,56,0.800714286,1.0056594925239
"531",531,560002,70,56,96,52,0.07,77,0.641688312,0.742471040216836
"532",532,560004,67,85,46,64,0.12,58,0.783448276,0.993895833580593
"533",533,560008,90,73,15,35,0.07,52,0.749230769,0.933916245800527
"534",534,560010,72,59,77,70,0.08,70,0.714285714,0.878704425597578
"535",535,560009,41,51,17,64,0.05,63,0.499206349,0.601354455965055
"536",536,560008,12,19,59,58,0.03,28,1.027142857,1.11443461906724
"537",537,560003,92,44,65,36,0.06,56,0.786428571,0.966134985983385
"538",538,560003,48,40,48,68,0,59,0.691525424,0.82751729315632
"539",539,560006,26,88,41,86,0.08,77,0.545974026,0.609704124947436
"540",540,560008,12,57,43,45,0.12,21,1.375238095,1.20636129415771
"541",541,560000,20,85,90,100,0.11,97,0.498247423,0.458897270343781
"542",542,560003,86,49,87,80,0.02,81,0.725679012,0.828233422116828
"543",543,560001,38,59,76,90,0.14,55,0.816363636,1.03971765145401
"544",544,560006,41,41,29,84,0.07,48,0.7425,0.939912549877689
"545",545,560010,10,70,56,87,0.12,76,0.466842105,0.527535441000698
"546",546,560003,26,72,74,67,0.03,93,0.483978495,0.352441910697909
"547",547,560000,11,72,66,37,0.14,97,0.243505155,-0.00953283518979786
"548",548,560005,70,92,90,62,0.14,49,1.141632653,1.33929458480072
"549",549,560008,56,30,40,42,0.03,65,0.486923077,0.556158647425197
"550",550,560007,97,97,99,15,0.08,55,1.04,1.24145512364205
"551",551,560004,88,43,20,73,0.08,41,1.012682927,1.1726615885122
"552",552,560007,87,84,48,78,0.09,99,0.51,0.450575243022355
"553",553,560008,47,53,34,98,0.05,55,0.793636364,0.982559178942343
"554",554,560010,92,45,43,92,0.05,55,0.939090909,1.14534004156314
"555",555,560006,81,20,75,19,0.03,47,0.799787234,0.969821487675145
"556",556,560001,69,86,93,75,0.01,26,2.474615385,1.86225513919412
"557",557,560002,59,11,40,60,0,64,0.53125,0.607751044069868
"558",558,560005,82,73,28,92,0.14,62,0.747096774,0.974409448280224
"559",559,560009,11,27,57,45,0.06,55,0.449090909,0.59224041855787
"560",560,560008,40,87,15,84,0.08,39,1.078974359,1.20954471918193
"561",561,560004,31,60,71,91,0.03,48,1.024166667,1.1935759657415
"562",562,560001,41,89,52,63,0.08,52,0.862307692,1.05247522497934
"563",563,560008,39,14,86,26,0.07,88,0.305,0.112174546708391
"564",564,560008,73,93,62,84,0.08,88,0.629090909,0.705251707244228
"565",565,560001,77,61,46,72,0.05,27,1.846296296,1.55710670360067
"566",566,560010,42,42,46,65,0.12,57,0.564210526,0.745157403856353
"567",567,560006,19,69,15,43,0.06,54,0.480740741,0.63356664731546
"568",568,560009,89,75,23,64,0.04,75,0.629333333,0.714367632136118
"569",569,560006,48,29,92,39,0.01,67,0.610895522,0.68880421650304
"570",570,560009,62,57,74,92,0.05,38,1.45,1.48427627699476
"571",571,560008,43,67,19,32,0.14,22,1.323636364,1.19284638718797
"572",572,560002,37,70,76,96,0.02,64,0.851875,1.02812531576095
"573",573,560001,88,15,34,73,0.08,26,1.535384615,1.37724332443504
"574",574,560008,14,98,14,41,0.11,26,1.174615385,1.16453245329674
"575",575,560003,71,54,20,17,0.13,96,0.2075,-0.0748542736609317
"576",576,560008,85,41,65,14,0.15,47,0.722340426,0.928278732572256
"577",577,560008,27,93,10,37,0.14,24,1.251666667,1.18029646937519
"578",578,560008,43,42,82,16,0.12,69,0.410434783,0.474944744139291
"579",579,560004,53,54,54,70,0.09,60,0.68,0.857598611070175
"580",580,560010,53,14,69,63,0.1,96,0.314583333,0.101764098477672
"581",581,560006,96,74,52,37,0.1,45,1.051111111,1.21657146345154
"582",582,560005,52,98,98,35,0.11,76,0.634736842,0.759237241862873
"583",583,560007,67,93,34,21,0,39,1.102564103,1.20381403583109
"584",584,560007,87,23,64,70,0.01,24,2.023333333,1.58995964920109
"585",585,560008,67,84,25,69,0.04,31,1.540645161,1.44865851268871
"586",586,560006,43,51,67,25,0.14,50,0.604,0.804597557780931
"587",587,560003,47,23,79,13,0.05,87,0.322413793,0.128138266043465
"588",588,560007,94,70,66,45,0.1,76,0.623684211,0.745808133870399
"589",589,560005,81,99,96,70,0.13,23,2.878695652,1.92489659437036
"590",590,560008,85,83,82,16,0.03,69,0.741014493,0.866715481970495
"591",591,560007,39,68,53,62,0.15,20,2.07,1.46840807552861
"592",592,560005,32,17,74,94,0.03,52,0.804615385,0.985120460556326
"593",593,560001,61,74,96,98,0,26,2.530769231,1.89851486339187
"594",594,560005,24,41,34,53,0.1,29,0.948275862,1.06680287691488
"595",595,560000,60,46,82,66,0,70,0.725714286,0.834481260759299
"596",596,560003,10,51,25,96,0.06,76,0.418947368,0.410110945424904
"597",597,560009,87,23,49,56,0.1,28,1.435714286,1.34313665542245
"598",598,560009,53,100,59,11,0.03,93,0.449569892,0.276269365627743
"599",599,560005,81,23,38,77,0.03,71,0.586901408,0.668088653970584
"600",600,560004,55,84,31,44,0.04,21,1.998095238,1.48977360325345
"601",601,560004,72,97,22,71,0.12,53,0.868679245,1.08344969679413
"602",602,560008,46,24,59,37,0.03,98,0.30877551,-0.0252893269812398
"603",603,560000,80,66,89,46,0.12,33,1.583030303,1.49670223765291
"604",604,560008,45,17,14,50,0.12,66,0.261818182,0.315627992726531
"605",605,560007,25,99,12,72,0.14,84,0.355238095,0.315067754298494
"606",606,560002,53,10,63,43,0.09,94,0.269574468,0.0190905143250533
"607",607,560001,32,16,67,78,0.03,81,0.44654321,0.384963558868664
"608",608,560004,27,62,71,22,0.01,26,1.39,1.28586859538845
"609",609,560009,96,59,44,44,0.12,71,0.564507042,0.693912842518162
"610",610,560007,29,26,71,26,0.02,89,0.321573034,0.0753280803261278
"611",611,560007,62,92,87,78,0.01,65,0.971538462,1.17244620378592
"612",612,560003,17,53,70,92,0.15,23,1.867391304,1.46157379260139
"613",613,560006,76,49,94,53,0.11,27,1.904814815,1.57347524308841
"614",614,560001,40,21,60,30,0.06,65,0.404615385,0.462923611002136
"615",615,560007,86,89,63,63,0.11,52,1.047692308,1.2598423324977
"616",616,560010,12,99,43,38,0.01,61,0.619508197,0.722542720240701
"617",617,560000,66,54,10,59,0.06,43,0.819069767,1.00578976566623
"618",618,560004,15,38,50,54,0.06,97,0.26371134,-0.06331140305629
"619",619,560003,99,94,100,88,0.01,96,0.78375,0.88937272713976
"620",620,560008,93,79,27,73,0.09,94,0.488723404,0.438707002050416
"621",621,560006,51,10,24,93,0.02,43,0.807906977,0.997992900120848
"622",622,560000,53,47,43,61,0.13,86,0.344418605,0.273345718844336
"623",623,560010,61,71,77,40,0.12,43,1.038139535,1.19329245532792
"624",624,560003,27,13,47,31,0.03,97,0.213298969,-0.201113823806827
"625",625,560001,95,33,79,69,0.09,65,0.759230769,0.954704443223844
"626",626,560000,46,49,23,64,0.1,42,0.766666667,0.967136455723165
"627",627,560009,21,19,11,82,0.03,92,0.259130435,-0.0404140400543789
"628",628,560003,51,58,100,88,0.04,87,0.642758621,0.687863630187677
"629",629,560000,32,16,36,68,0.09,21,1.357619048,1.21821883134764
"630",630,560001,22,11,79,58,0.04,21,1.579047619,1.31665324524361
"631",631,560004,47,49,95,81,0.04,33,1.608484848,1.52011738144252
"632",632,560004,71,47,72,72,0.08,60,0.793333333,0.989464184420441
"633",633,560004,56,99,50,40,0,33,1.484848485,1.42896976256936
"634",634,560001,13,95,37,75,0.02,43,1.003255814,1.1487817477193
"635",635,560006,36,26,48,22,0.08,43,0.533953488,0.752073459907519
"636",636,560009,56,32,27,44,0.08,83,0.30313253,0.177445187537429
"637",637,560002,71,52,34,67,0.07,38,1.108947368,1.22595967532423
"638",638,560008,93,17,61,64,0.13,21,2.108095238,1.52615161303558
"639",639,560000,19,52,45,47,0.02,87,0.354712644,0.157820073009665
"640",640,560006,58,42,71,79,0.14,29,1.584137931,1.43827685379969
"641",641,560010,93,28,70,94,0.14,86,0.522790698,0.601782772074696
"642",642,560008,24,89,36,63,0.01,75,0.555333333,0.569363434039329
"643",643,560002,51,89,18,45,0.01,70,0.57,0.619624201584372
"644",644,560000,56,22,31,46,0.12,55,0.443636364,0.619756575296304
"645",645,560008,81,28,37,40,0.08,100,0.292,-0.00738393966218487
"646",646,560006,50,21,73,83,0.01,84,0.53047619,0.484283003721961
"647",647,560002,52,96,42,59,0.11,29,1.607241379,1.44627493230136
"648",648,560003,75,11,90,65,0.09,51,0.855098039,1.05485275707706
"649",649,560003,14,86,42,61,0.08,83,0.409156627,0.347017860237519
"650",650,560008,52,10,76,95,0.13,54,0.732962963,0.950840280247719
"651",651,560002,21,43,57,43,0.06,53,0.558867925,0.721734098077989
"652",652,560007,65,88,95,87,0.01,73,0.907808219,1.10032435613003
"653",653,560006,16,25,96,28,0.01,66,0.49,0.528439157415395
"654",654,560004,66,49,63,21,0.08,23,1.650434783,1.36467825422926
"655",655,560005,69,34,81,53,0.07,81,0.515185185,0.528961505988927
"656",656,560005,98,46,28,52,0.1,20,2.14,1.51713640765811
"657",657,560001,12,16,38,78,0.01,60,0.47,0.565785021873523
"658",658,560007,46,22,81,60,0.11,44,0.84,1.03034209765413
"659",659,560000,63,20,52,73,0.12,96,0.313333333,0.128794353986833
"660",660,560002,78,59,66,19,0.09,47,0.854680851,1.03480941972303
"661",661,560010,61,14,62,48,0.11,93,0.287849462,0.0887609208205096
"662",662,560000,39,98,75,50,0.07,56,0.865714286,1.05176338845181
"663",663,560003,59,43,49,38,0.13,88,0.299545455,0.17369488371468
"664",664,560000,97,14,88,32,0.09,76,0.517894737,0.576988322570744
"665",665,560009,48,61,34,24,0.15,86,0.238372093,0.102218038705505
"666",666,560000,70,20,59,21,0.11,80,0.315,0.247457483504917
"667",667,560010,83,61,64,40,0.15,52,0.803846154,1.01810141929126
"668",668,560000,57,17,50,26,0.08,71,0.342535211,0.343924979068221
"669",669,560010,31,56,49,83,0.02,73,0.58,0.632719030470624
"670",670,560003,14,47,54,52,0.07,100,0.264,-0.0835743367718624
"671",671,560003,30,74,66,21,0.13,36,0.931111111,1.06882148486664
"672",672,560010,66,42,60,88,0.13,65,0.657692308,0.850817895890983
"673",673,560010,24,34,69,78,0.02,42,0.956190476,1.11076933283767
"674",674,560005,81,100,34,84,0.04,65,0.88,1.07979123878984
"675",675,560006,69,58,74,28,0.07,60,0.693333333,0.852144792519459
"676",676,560010,47,62,34,69,0,96,0.441666667,0.21954434701622
"677",677,560007,98,15,86,14,0.09,65,0.565384615,0.690913953319311
"678",678,560003,25,72,14,10,0.14,43,0.422790698,0.663015452086154
"679",679,560010,40,39,50,64,0.05,43,0.847674419,1.02498660115828
"680",680,560007,86,46,15,53,0.11,30,1.223333333,1.24199898798093
"681",681,560009,80,96,68,64,0.11,93,0.552365591,0.578006570299575
"682",682,560002,21,15,98,38,0.02,81,0.404691358,0.29428219113102
"683",683,560008,65,48,36,23,0.03,83,0.384457831,0.256103328182896
"684",684,560006,13,17,92,77,0.1,70,0.468571429,0.548185672744616
"685",685,560003,76,73,15,60,0.1,43,0.941860465,1.11816911301219
"686",686,560006,46,95,44,97,0.05,93,0.556451613,0.520752952510001
"687",687,560006,76,47,33,77,0.14,33,1.272121212,1.30534035011169
"688",688,560010,58,38,39,18,0.12,92,0.212608696,-0.0362834486814096
"689",689,560004,82,22,87,88,0.01,97,0.565257732,0.470543354282736
"690",690,560007,71,32,28,21,0.05,24,1.216666667,1.18456030515156
"691",691,560002,72,95,17,55,0.12,46,0.919130435,1.10920589223155
"692",692,560009,86,29,65,61,0.07,81,0.525061728,0.550407834669909
"693",693,560008,54,39,73,41,0.04,82,0.464878049,0.407537720783127
"694",694,560000,86,69,98,10,0,67,0.785074627,0.907730456324175
"695",695,560001,31,51,18,78,0.14,46,0.633913043,0.857675892869265
"696",696,560006,67,39,43,85,0.05,76,0.565789474,0.62703783197173
"697",697,560004,64,35,51,27,0.06,43,0.763255814,0.948061324730045
"698",698,560002,27,71,47,96,0.14,30,1.466666667,1.38552141194062
"699",699,560006,56,21,36,15,0.08,39,0.576410256,0.806963696247325
"700",700,560002,46,16,80,53,0.02,45,0.846666667,1.01576620153235
"701",701,560008,83,29,95,59,0.13,83,0.510963855,0.572575788728339
"702",702,560001,20,46,82,73,0.03,67,0.629701493,0.732295945541728
"703",703,560000,93,43,19,77,0.02,98,0.453469388,0.261162026222702
"704",704,560009,12,100,98,32,0.11,80,0.495,0.521427369038585
"705",705,560003,95,48,32,58,0.1,22,2.018181818,1.51918103579345
"706",706,560007,30,30,50,29,0.06,20,1.33,1.19127477601696
"707",707,560007,18,100,21,44,0.05,85,0.380588235,0.249230778880004
"708",708,560004,40,19,12,75,0.04,65,0.409230769,0.471483783190306
"709",709,560004,74,52,36,88,0.11,97,0.405463918,0.289165847388314
"710",710,560008,75,73,97,92,0.13,95,0.579473684,0.651995515102925
"711",711,560006,38,56,34,37,0.06,21,1.511428571,1.2796255532653
"712",712,560002,78,57,27,95,0.02,57,0.881754386,1.07037553483345
"713",713,560004,15,12,50,82,0.1,85,0.274117647,0.134671185162941
"714",714,560001,73,36,30,89,0.13,93,0.360322581,0.259223073562147
"715",715,560000,20,45,84,12,0,97,0.331958763,-0.0208172736058232
"716",716,560006,96,87,17,58,0.05,93,0.50483871,0.423354041027546
"717",717,560004,14,51,48,90,0.04,96,0.382916667,0.158695356949929
"718",718,560009,68,56,100,47,0.01,41,1.31195122,1.39053073648999
"719",719,560005,95,86,85,41,0.07,94,0.583191489,0.578607532707941
"720",720,560004,42,47,83,58,0.11,32,1.3275,1.31824539869428
"721",721,560003,20,10,56,61,0.03,77,0.351818182,0.266433913493776
"722",722,560002,91,69,66,89,0.03,33,1.879090909,1.70553729888834
"723",723,560002,73,66,27,24,0.03,92,0.383043478,0.172690890313388
"724",724,560003,25,73,59,62,0.13,97,0.321546392,0.136948034457126
"725",725,560007,92,61,95,51,0.11,96,0.512916667,0.489111995436107
"726",726,560010,67,64,40,71,0.07,86,0.492790698,0.467519078694256
"727",727,560009,19,71,83,34,0.04,81,0.471111111,0.415861536875843
"728",728,560009,87,26,97,88,0.06,43,1.326046512,1.44555543094338
"729",729,560004,90,78,97,24,0.1,36,1.505555556,1.48395091694812
"730",730,560008,26,63,57,39,0,28,1.321428571,1.27508908987011
"731",731,560009,76,70,34,16,0.09,46,0.762173913,0.949012467423435
"732",732,560010,89,97,98,10,0.05,29,1.977586207,1.65271556978851
"733",733,560002,52,77,100,31,0.08,36,1.364444444,1.37912118789426
"734",734,560000,70,33,19,11,0.12,74,0.239459459,0.196458156590678
"735",735,560007,35,41,28,30,0.09,88,0.214545455,-0.0218699336709705
"736",736,560010,45,74,89,15,0.07,77,0.509220779,0.526155270449824
"737",737,560010,20,77,15,12,0.03,51,0.45627451,0.609213325185775
"738",738,560010,55,74,99,80,0.13,75,0.691333333,0.87650662767031
"739",739,560004,25,13,53,62,0.12,36,0.73,0.939803507399567
"740",740,560010,42,50,16,13,0.12,55,0.32,0.47320518455507
"741",741,560002,94,29,53,46,0.04,74,0.56,0.613505576046732
"742",742,560004,59,31,88,63,0.09,43,1.030930233,1.18934720436453
"743",743,560004,25,68,72,83,0.13,86,0.446744186,0.447335853594682
"744",744,560009,71,20,26,76,0.07,22,1.684545455,1.38433954623488
"745",745,560002,41,15,99,82,0.14,21,2.117142857,1.52366423493807
"746",746,560003,87,55,67,32,0.14,83,0.440722892,0.459894483647857
"747",747,560007,16,85,54,40,0.1,88,0.343181818,0.209536120542983
"748",748,560008,28,22,69,61,0.13,24,1.37,1.24624273327251
"749",749,560008,91,96,17,10,0.04,76,0.523157895,0.534885737042617
"750",750,560004,82,66,18,88,0.14,77,0.51974026,0.631857379063
"751",751,560005,33,59,40,86,0.15,29,1.353448276,1.30411797957751
"752",752,560008,30,30,62,16,0.13,56,0.362857143,0.51463959628628
"753",753,560007,72,81,50,69,0.12,75,0.605333333,0.741867182547696
"754",754,560003,87,83,37,35,0.09,61,0.703442623,0.877922953216752
"755",755,560010,26,79,26,64,0.11,55,0.599090909,0.782856535195918
"756",756,560006,100,77,15,14,0.04,64,0.60375,0.714026145613349
"757",757,560004,93,43,53,48,0.05,31,1.479032258,1.40885742080027
"758",758,560001,75,69,89,28,0.05,90,0.53,0.473246854214616
"759",759,560009,20,70,42,23,0.02,79,0.372405063,0.256940435385709
"760",760,560000,57,86,63,36,0.05,94,0.464893617,0.329063688852427
"761",761,560007,51,70,97,10,0.11,59,0.662881356,0.82964781643412
"762",762,560006,76,17,74,97,0.05,31,1.653225806,1.5275695266041
"763",763,560006,79,89,26,13,0.01,47,0.870851064,1.02728329339281
"764",764,560003,23,61,62,51,0,48,0.820833333,0.979863496765306
"765",765,560003,64,39,12,27,0.03,86,0.300232558,0.0881575854015564
"766",766,560006,36,63,61,24,0.04,74,0.457297297,0.446771131864331
"767",767,560001,46,87,23,10,0.06,46,0.66173913,0.844004179976625
"768",768,560006,76,74,80,56,0.14,90,0.495555556,0.520663768931212
"769",769,560008,69,43,27,51,0.11,91,0.307582418,0.145174061630289
"770",770,560003,74,82,41,25,0.12,26,1.587692308,1.37884825657715
"771",771,560001,100,76,43,59,0.12,73,0.641643836,0.801791006021711
"772",772,560000,16,97,59,33,0.11,63,0.540793651,0.671570007395894
"773",773,560001,83,56,45,97,0,77,0.72987013,0.833516085552821
"774",774,560001,65,77,30,35,0.07,56,0.669285714,0.83670189866202
"775",775,560008,69,31,64,10,0.06,92,0.31826087,0.0850682185581968
"776",776,560010,85,53,59,35,0.05,77,0.552597403,0.588715318293475
"777",777,560006,69,13,63,14,0.12,26,1.103076923,1.12835790892604
"778",778,560010,53,29,88,54,0.13,70,0.51,0.625778156291368
"779",779,560007,13,59,18,79,0.14,99,0.201414141,-0.0962741946000827
"780",780,560005,51,29,100,24,0.09,28,1.367142857,1.28952901180739
"781",781,560005,22,17,54,54,0.07,49,0.53,0.721695345484852
"782",782,560005,40,45,71,31,0.06,74,0.445405405,0.44837617356842
"783",783,560006,89,68,28,58,0.09,23,2.023043478,1.54641731409575
"784",784,560008,61,57,96,11,0.01,99,0.444545455,0.195407735929651
"785",785,560010,42,63,34,79,0.05,71,0.564084507,0.64413750256436
"786",786,560006,83,13,61,47,0.01,83,0.481566265,0.405916954835045
"787",787,560005,66,80,63,95,0.13,64,0.82,1.05786598931173
"788",788,560009,43,58,47,89,0.01,21,2.247142857,1.61235717245831
"789",789,560008,39,41,63,92,0.04,22,2.096363636,1.56769768216701
"790",790,560005,16,42,36,37,0.09,97,0.180103093,-0.190310770086145
"791",791,560005,83,55,53,83,0.08,97,0.484948454,0.402906457069364
"792",792,560002,26,77,25,77,0.05,31,1.272580645,1.28072386700039
"793",793,560000,92,58,32,49,0.14,89,0.379101124,0.323639771440165
"794",794,560002,75,65,42,93,0.15,71,0.624647887,0.811354365377262
"795",795,560008,81,78,84,25,0.14,81,0.521728395,0.596473222143092
"796",796,560007,23,98,62,92,0.06,50,1.04,1.22377423365416
"797",797,560005,48,37,46,97,0.06,95,0.42,0.26911961608076
"798",798,560003,58,98,33,10,0.02,76,0.503684211,0.483395106757567
"799",799,560007,64,94,71,13,0.06,48,0.948333333,1.11087500232315
"800",800,560008,54,19,22,73,0.03,84,0.37,0.237788035596522
"801",801,560004,96,17,83,30,0.01,35,1.281428571,1.31804355260442
"802",802,560009,33,27,100,92,0.02,31,1.605806452,1.49090267130908
"803",803,560004,23,61,93,77,0.12,54,0.820740741,1.0280080968958
"804",804,560007,99,12,10,71,0.03,37,1.007837838,1.15137669397904
"805",805,560000,51,100,10,30,0.14,62,0.476129032,0.619671893430289
"806",806,560009,80,56,77,64,0.11,91,0.498791209,0.491576606203781
"807",807,560003,18,55,51,54,0.11,65,0.437692308,0.53896941683019
"808",808,560001,84,20,60,98,0.14,95,0.411578947,0.356054942258847
"809",809,560002,48,68,76,99,0.12,43,1.233488372,1.37456073750363
"810",810,560006,68,97,35,36,0.03,40,1.15,1.25384439118839
"811",811,560006,14,83,26,84,0.12,53,0.661132075,0.862045054184095
"812",812,560010,73,81,67,55,0.1,70,0.688571429,0.852736263144888
"813",813,560009,30,86,58,37,0.09,74,0.48027027,0.522210921897362
"814",814,560006,46,35,43,86,0.05,40,1,1.15166802810485
"815",815,560002,79,20,68,52,0.13,26,1.554615385,1.37064617890839
"816",816,560004,32,47,44,43,0.08,22,1.429090909,1.25390525239247
"817",817,560004,37,59,88,18,0.1,42,0.861904762,1.0284559805216
"818",818,560002,100,66,41,28,0.15,57,0.674561404,0.880046385646216
"819",819,560002,55,61,56,39,0.03,40,1.025,1.15488097562353
"820",820,560001,38,20,35,56,0.09,60,0.406666667,0.529791484016944
"821",821,560004,49,38,22,41,0.03,91,0.29967033,0.0348931412699522
"822",822,560006,71,17,89,26,0.04,50,0.772,0.943106440600837
"823",823,560001,25,81,73,81,0.04,70,0.702857143,0.829680287216762
"824",824,560008,89,85,89,31,0.03,37,1.559189189,1.5347494705188
"825",825,560000,75,83,77,44,0.08,85,0.576470588,0.615303688004028
"826",826,560004,63,75,38,82,0.01,60,0.85,1.02193084104948
"827",827,560006,11,18,24,35,0.14,57,0.16877193,0.298048863652592
"828",828,560005,55,48,18,15,0.06,66,0.352121212,0.384680549508805
"829",829,560003,88,12,22,47,0.1,52,0.55,0.745898340207969
"830",830,560001,79,55,34,31,0.01,37,1.065675676,1.17489995647479
"831",831,560000,74,87,21,52,0.11,53,0.773018868,0.974772642030899
"832",832,560000,10,74,78,74,0.11,53,0.780566038,0.978079820172154
"833",833,560009,36,16,77,15,0.14,97,0.156907216,-0.176065760001528
"834",834,560000,62,15,60,20,0.01,28,1.111428571,1.15963766070553
"835",835,560009,21,38,75,96,0.02,71,0.627887324,0.712816451152375
"836",836,560003,48,17,97,49,0.02,97,0.415051546,0.178928640741666
"837",837,560010,12,38,25,43,0.01,43,0.538837209,0.74619600635763
"838",838,560009,46,71,46,94,0.06,94,0.486808511,0.398237615549243
"839",839,560009,76,55,40,75,0.05,87,0.515517241,0.482181989348542
"840",840,560002,87,99,14,69,0.05,53,0.96509434,1.15936573629462
"841",841,560004,96,74,47,58,0.04,58,0.908275862,1.10124760382306
"842",842,560007,23,96,53,74,0.1,78,0.530769231,0.594153014449784
"843",843,560003,58,81,82,81,0,80,0.755,0.853757385286123
"844",844,560001,88,38,74,51,0.07,77,0.581948052,0.655642197948657
"845",845,560006,79,61,49,27,0.01,35,1.224285714,1.27457162459044
"846",846,560010,46,93,24,100,0.02,28,1.858571429,1.59042150164077
"847",847,560005,41,57,93,81,0.09,47,1.067446809,1.24390195449546
"848",848,560001,91,58,73,34,0.1,23,2.126086957,1.58312647989852
"849",849,560007,52,47,39,25,0.03,64,0.479375,0.547452218887071
"850",850,560009,35,61,27,89,0.1,33,1.184848485,1.24606954521943
"851",851,560009,33,64,95,58,0.11,55,0.799090909,0.997297309639524
"852",852,560003,97,85,46,13,0.08,47,0.945531915,1.11712433258529
"853",853,560001,38,27,89,84,0.01,32,1.4775,1.42381026264891
"854",854,560005,65,88,63,99,0.12,93,0.557419355,0.60754458160556
"855",855,560005,56,39,60,89,0.01,43,1.124883721,1.26212435041457
"856",856,560005,11,29,25,59,0.03,95,0.231052632,-0.136918812432916
"857",857,560009,54,34,60,31,0,51,0.701960784,0.856942793152316
"858",858,560009,90,28,29,96,0.07,42,1.087142857,1.2443369973111
"859",859,560009,19,23,45,99,0.09,88,0.332727273,0.201319727247708
"860",860,560006,44,67,79,39,0.02,27,1.676296296,1.45443639911497
"861",861,560005,86,18,89,58,0.09,62,0.719677419,0.903585042502615
"862",862,560002,42,57,88,33,0.09,69,0.547681159,0.644848015241302
"863",863,560004,25,25,14,28,0.12,65,0.163076923,0.188979576004178
"864",864,560009,62,25,48,42,0.04,24,1.435,1.29423559819351
"865",865,560001,10,28,33,11,0.12,82,0.08,-0.152231937455467
"866",866,560009,51,41,80,46,0.02,60,0.706666667,0.84500731061974
"867",867,560009,28,26,25,89,0.12,60,0.44,0.59316650735438
"868",868,560005,99,13,89,67,0.06,81,0.601728395,0.66707709042216
"869",869,560010,13,55,40,21,0.1,43,0.5,0.7223328346844
"870",870,560001,83,62,55,27,0.13,50,0.778,0.979530458255992
"871",871,560009,36,21,74,86,0.04,33,1.275151515,1.30484364440667
"872",872,560002,75,23,59,69,0.12,96,0.350833333,0.200055693216965
"873",873,560010,97,66,65,99,0.09,37,1.677567568,1.64795678678911
"874",874,560003,91,42,25,90,0.12,100,0.376,0.226735457864591
"875",875,560001,27,60,47,84,0.02,45,0.948888889,1.11215319236993
"876",876,560002,26,50,96,11,0.13,51,0.587647059,0.774473954629221
"877",877,560007,38,51,15,14,0.11,24,0.873333333,1.00330410288441
"878",878,560007,80,36,91,23,0.15,90,0.361111111,0.285151710508403
"879",879,560000,55,52,90,32,0.15,97,0.322164948,0.158553270126796
"880",880,560010,25,24,54,92,0.13,64,0.479375,0.623431415644007
"881",881,560010,86,20,93,28,0.13,95,0.347894737,0.20314814617167
"882",882,560008,18,43,60,41,0.09,51,0.545294118,0.727351647423871
"883",883,560001,66,87,75,26,0.07,65,0.711538462,0.862129222772383
"884",884,560006,18,33,70,12,0.14,91,0.152307692,-0.119817847292608
"885",885,560001,82,60,15,97,0.12,79,0.523037975,0.613570284341154
"886",886,560005,34,34,27,92,0.06,53,0.645660377,0.830260435157098
"887",887,560009,29,26,19,98,0.06,68,0.445882353,0.513543692666865
"888",888,560008,86,18,77,39,0.13,76,0.448947368,0.507691647711042
"889",889,560002,57,36,58,14,0.02,75,0.42,0.369211942966701
"890",890,560001,52,22,13,95,0.08,41,0.807804878,1.00915685201896
"891",891,560001,30,42,17,23,0.1,41,0.446341463,0.694294696332797
"892",892,560008,54,25,74,61,0.01,97,0.431237113,0.202312772654637
"893",893,560001,39,47,31,69,0.07,40,0.86,1.03760003259515
"894",894,560004,66,70,61,17,0.03,85,0.473529412,0.38384813449852
"895",895,560002,21,23,47,13,0.07,91,0.158571429,-0.185820389115444
"896",896,560004,53,69,62,33,0.07,70,0.55,0.631078388019707
"897",897,560004,79,19,59,22,0.1,84,0.326190476,0.222169116842104
"898",898,560008,67,70,90,68,0.05,81,0.678395062,0.773377339146595
"899",899,560004,82,27,38,40,0.07,30,1.176666667,1.21279120432097
"900",900,560001,90,57,41,93,0.02,69,0.794492754,0.95843886623967
"901",901,560006,53,40,50,54,0.02,87,0.432873563,0.299413835137255
"902",902,560004,40,83,37,70,0.07,86,0.464883721,0.415174839459056
"903",903,560005,61,32,46,42,0.04,91,0.357802198,0.152044670640665
"904",904,560001,98,15,59,19,0.1,56,0.582142857,0.755409710839826
"905",905,560005,63,31,48,26,0.06,31,1.023870968,1.11971288277716
"906",906,560007,95,30,82,54,0.09,98,0.442653061,0.320965762645959
"907",907,560008,64,24,61,39,0.11,100,0.266,-0.022919542382287
"908",908,560006,27,30,15,53,0.08,43,0.501395349,0.733233883980154
"909",909,560004,82,100,55,28,0.06,25,2.06,1.60642695747229
"910",910,560004,46,19,15,87,0.13,68,0.361176471,0.447107690972253
"911",911,560010,84,15,42,67,0.06,55,0.696363636,0.87892275579445
"912",912,560001,10,59,93,88,0.02,51,0.960392157,1.13178214504716
"913",913,560003,20,69,10,34,0.01,65,0.399230769,0.423077063089287
"914",914,560006,59,12,59,81,0.15,71,0.444366197,0.554502888626393
"915",915,560007,87,55,16,74,0.12,22,1.989090909,1.50575637756945
"916",916,560000,96,54,75,90,0.12,86,0.61255814,0.731441430988802
"917",917,560002,64,25,35,31,0.1,70,0.342857143,0.370380264387806
"918",918,560000,50,88,29,54,0.03,86,0.483953488,0.403074608557446
"919",919,560002,19,47,97,44,0.14,22,1.741818182,1.37232569499609
"920",920,560001,63,20,74,82,0.14,94,0.368510638,0.274250986045238
"921",921,560008,69,32,53,54,0,61,0.681967213,0.807914644323365
"922",922,560002,78,59,68,31,0.09,93,0.417526882,0.298726614024658
"923",923,560009,75,84,58,66,0.13,66,0.727575758,0.933289697524174
"924",924,560006,28,12,53,90,0.06,94,0.329361702,0.104587105717432
"925",925,560010,44,22,72,32,0.06,81,0.359753086,0.262160303655333
"926",926,560005,66,21,50,97,0.15,74,0.482432432,0.599113402269857
"927",927,560005,84,53,51,27,0,89,0.483146067,0.345268383898051
"928",928,560006,42,16,25,89,0.11,83,0.304457831,0.220696731329903
"929",929,560010,100,95,71,60,0.06,65,0.943076923,1.1677191847752
"930",930,560010,32,27,100,21,0.03,53,0.649245283,0.799068147864394
"931",931,560005,15,29,64,59,0.08,28,1.112857143,1.15637682808111
"932",932,560007,92,47,59,90,0.01,28,2.047142857,1.70026504720951
"933",933,560010,76,93,97,49,0.09,80,0.6975,0.837589354554488
"934",934,560001,64,86,97,98,0.09,39,1.679230769,1.67723746996184
"935",935,560004,83,52,55,59,0.06,98,0.448163265,0.293260143639376
"936",936,560003,12,58,39,13,0.01,23,1.050869565,1.09739400061177
"937",937,560000,79,60,34,89,0.1,89,0.488764045,0.482150568590787
"938",938,560003,18,27,73,96,0.1,57,0.650877193,0.838574201361267
"939",939,560000,75,29,23,38,0.13,71,0.334788732,0.376615128564758
"940",940,560007,89,84,77,85,0.13,81,0.697160494,0.886285324518421
"941",941,560006,51,91,25,43,0.03,45,0.903333333,1.06499631027804
"942",942,560003,61,67,83,22,0.02,22,2.098181818,1.5540056439283
"943",943,560009,71,56,100,42,0.03,45,1.165555556,1.29923761579765
"944",944,560009,68,16,69,77,0.15,84,0.397619048,0.404503577241007
"945",945,560008,16,35,24,13,0.03,82,0.184634146,-0.0673295447321498
"946",946,560010,16,37,20,51,0.1,99,0.150505051,-0.254229052585215
"947",947,560002,81,71,32,32,0.05,83,0.470481928,0.420664526932948
"948",948,560009,77,46,37,55,0.14,55,0.641818182,0.847794236033663
"949",949,560000,41,32,98,95,0.06,55,0.907272727,1.10687632414257
"950",950,560009,35,47,15,49,0.15,43,0.529069767,0.768964552795775
"951",951,560008,99,46,42,65,0.09,23,2.101304348,1.58588239567299
"952",952,560010,71,75,83,92,0.05,46,1.345652174,1.48837406840937
"953",953,560001,18,90,59,48,0.1,61,0.604918033,0.757209830345701
"954",954,560002,63,90,61,24,0.04,65,0.692307692,0.81824598079489
"955",955,560007,56,69,77,19,0.08,29,1.444137931,1.34441058276047
"956",956,560005,16,16,36,96,0.01,32,1.015,1.13442898598585
"957",957,560002,26,68,76,22,0.03,71,0.51084507,0.53398232071594
"958",958,560006,40,38,47,24,0.1,96,0.210416667,-0.109115053913601
"959",959,560008,13,21,62,48,0.05,36,0.75,0.944182531174962
"960",960,560004,92,87,62,29,0.1,55,0.881818182,1.08335534406612
"961",961,560006,72,55,10,84,0.09,42,0.962380952,1.13762005702638
"962",962,560002,18,60,54,63,0.06,88,0.383181818,0.244161628880563
"963",963,560010,46,39,14,49,0.12,57,0.399298246,0.556878486125105
"964",964,560006,35,77,29,54,0,78,0.5,0.456831839827845
"965",965,560001,24,37,93,49,0.09,50,0.722,0.908711424936158
"966",966,560003,21,43,39,26,0.05,85,0.253529412,0.0330355909084299
"967",967,560001,29,93,16,65,0.1,100,0.306,0.0440802112445371
"968",968,560010,69,34,12,62,0.08,99,0.277575758,-0.0202969154930202
"969",969,560009,83,63,62,15,0.11,65,0.576153846,0.714035160750777
"970",970,560001,47,21,29,41,0.02,53,0.500754717,0.650886625001007
"971",971,560009,82,75,74,95,0.01,58,1.114137931,1.33015241995145
"972",972,560008,41,58,25,23,0.11,44,0.558181818,0.774617190758371
"973",973,560006,50,45,45,27,0.01,64,0.511875,0.576661458236263
"974",974,560000,21,12,22,86,0.13,100,0.152,-0.212348635073937
"975",975,560001,20,40,20,50,0.08,82,0.237073171,0.076614383240603
"976",976,560003,36,84,83,34,0.03,77,0.585584416,0.611974334662305
"977",977,560001,94,28,58,38,0.13,44,0.860909091,1.0538536070743
"978",978,560001,19,80,60,82,0.01,32,1.49625,1.43107657287728
"979",979,560004,98,78,13,52,0.04,92,0.483913043,0.379241328706686
"980",980,560004,39,27,12,61,0.03,56,0.466428571,0.601406922408355
"981",981,560000,15,67,43,22,0.01,58,0.496896552,0.593891004284707
"982",982,560003,49,56,42,62,0.03,67,0.593880597,0.687060183871675
"983",983,560005,72,43,18,99,0.1,28,1.557142857,1.4208903408208
"984",984,560009,98,91,26,52,0.02,94,0.548085106,0.459540004590007
"985",985,560001,15,45,71,87,0.06,88,0.435454545,0.341524337125542
"986",986,560004,59,47,67,95,0.14,63,0.710793651,0.926641551605007
"987",987,560005,74,14,69,16,0.08,93,0.292043011,0.0536060580705298
"988",988,560000,23,82,30,72,0.02,30,1.36,1.32349591523164
"989",989,560002,67,13,48,10,0.14,52,0.390769231,0.582073093871996
"990",990,560009,60,56,20,50,0,92,0.404347826,0.183174939450012
"991",991,560006,34,20,22,79,0.1,58,0.434482759,0.588010697863772
"992",992,560004,41,48,44,10,0.11,36,0.684444444,0.892970607104848
"993",993,560008,79,56,12,40,0.08,69,0.462028986,0.531611510706211
"994",994,560007,56,77,29,34,0.14,96,0.268333333,0.0541476916963148
"995",995,560009,64,91,28,95,0.03,56,0.962857143,1.16034978775598
"996",996,560002,16,86,96,12,0.14,77,0.405454545,0.422467071202774
"997",997,560002,98,48,72,58,0.08,60,0.84,1.04457534315752
"998",998,560000,66,93,20,75,0.11,68,0.637058824,0.799870735641772
"999",999,560003,88,100,55,57,0.08,91,0.579340659,0.600338243522007
"1000",1000,560001,70,90,89,18,0.07,38,1.335263158,1.37754237627274
